date,board,legend,pick_pct
2026-06-01,any,axle,15.903
2026-06-01,any,loba,1.099
2026-06-01,any,pathfinder,2.396
2026-06-01,any,seer,0.463
2026-06-01,any,revenant,2.029
2026-06-01,any,octane,7.813
2026-06-01,any,alter,1.792
2026-06-01,any,mad-maggie,8.163
2026-06-01,any,gibraltar,2.564
2026-06-01,any,bangalore,5.826
2026-06-01,any,vantage,2.662
2026-06-01,any,horizon,1.355
2026-06-01,any,sparrow,2.385
2026-06-01,any,valkyrie,9.456
2026-06-01,any,conduit,10.317
2026-06-01,any,fuse,2.732
2026-06-01,any,caustic,1.831
2026-06-01,any,wraith,5.471
2026-06-01,any,crypto,0.833
2026-06-01,any,catalyst,0.511
2026-06-01,any,mirage,2.1
2026-06-01,any,bloodhound,1.499
2026-06-01,any,lifeline,3.783
2026-06-01,any,newcastle,1.099
2026-06-01,any,wattson,1.576
2026-06-01,any,rampart,0.895
2026-06-01,any,ash,2.8
2026-06-01,any,ballistic,0.648
2026-06-02,any,axle,16.29
2026-06-02,any,loba,1.097
2026-06-02,any,pathfinder,2.348
2026-06-02,any,seer,0.481
2026-06-02,any,revenant,2.032
2026-06-02,any,octane,7.677
2026-06-02,any,alter,1.774
2026-06-02,any,mad-maggie,8.287
2026-06-02,any,gibraltar,2.59
2026-06-02,any,bangalore,5.784
2026-06-02,any,vantage,2.659
2026-06-02,any,horizon,1.336
2026-06-02,any,sparrow,2.375
2026-06-02,any,valkyrie,9.458
2026-06-02,any,conduit,10.06
2026-06-02,any,fuse,2.701
2026-06-02,any,caustic,1.85
2026-06-02,any,wraith,5.444
2026-06-02,any,crypto,0.821
2026-06-02,any,catalyst,0.51
2026-06-02,any,mirage,2.143
2026-06-02,any,bloodhound,1.463
2026-06-02,any,lifeline,3.779
2026-06-02,any,newcastle,1.136
2026-06-02,any,wattson,1.641
2026-06-02,any,rampart,0.858
2026-06-02,any,ash,2.768
2026-06-02,any,ballistic,0.637
2026-06-03,any,axle,16.536
2026-06-03,any,loba,1.118
2026-06-03,any,pathfinder,2.284
2026-06-03,any,seer,0.476
2026-06-03,any,revenant,2.012
2026-06-03,any,octane,7.675
2026-06-03,any,alter,1.732
2026-06-03,any,mad-maggie,8.26
2026-06-03,any,gibraltar,2.606
2026-06-03,any,bangalore,5.729
2026-06-03,any,vantage,2.596
2026-06-03,any,horizon,1.348
2026-06-03,any,sparrow,2.384
2026-06-03,any,valkyrie,9.517
2026-06-03,any,conduit,9.958
2026-06-03,any,fuse,2.745
2026-06-03,any,caustic,1.84
2026-06-03,any,wraith,5.45
2026-06-03,any,crypto,0.811
2026-06-03,any,catalyst,0.509
2026-06-03,any,mirage,2.117
2026-06-03,any,bloodhound,1.413
2026-06-03,any,lifeline,3.728
2026-06-03,any,newcastle,1.132
2026-06-03,any,wattson,1.66
2026-06-03,any,rampart,0.841
2026-06-03,any,ash,2.886
2026-06-03,any,ballistic,0.635
2026-06-04,any,axle,16.346
2026-06-04,any,loba,1.092
2026-06-04,any,pathfinder,2.222
2026-06-04,any,seer,0.46
2026-06-04,any,revenant,1.967
2026-06-04,any,octane,7.604
2026-06-04,any,alter,1.65
2026-06-04,any,mad-maggie,8.02
2026-06-04,any,gibraltar,2.423
2026-06-04,any,bangalore,5.594
2026-06-04,any,vantage,3.044
2026-06-04,any,horizon,1.343
2026-06-04,any,sparrow,2.3
2026-06-04,any,valkyrie,9.212
2026-06-04,any,conduit,10.331
2026-06-04,any,fuse,2.722
2026-06-04,any,caustic,1.801
2026-06-04,any,wraith,5.441
2026-06-04,any,crypto,0.775
2026-06-04,any,catalyst,0.494
2026-06-04,any,mirage,2.101
2026-06-04,any,bloodhound,1.346
2026-06-04,any,lifeline,3.543
2026-06-04,any,newcastle,1.074
2026-06-04,any,wattson,1.627
2026-06-04,any,rampart,0.793
2026-06-04,any,ash,4.061
2026-06-04,any,ballistic,0.611
2026-06-05,any,axle,16.064
2026-06-05,any,loba,1.073
2026-06-05,any,pathfinder,2.219
2026-06-05,any,seer,0.445
2026-06-05,any,revenant,1.96
2026-06-05,any,octane,7.541
2026-06-05,any,alter,1.603
2026-06-05,any,mad-maggie,7.871
2026-06-05,any,gibraltar,2.263
2026-06-05,any,bangalore,5.467
2026-06-05,any,vantage,3.426
2026-06-05,any,horizon,1.319
2026-06-05,any,sparrow,2.265
2026-06-05,any,valkyrie,9.048
2026-06-05,any,conduit,10.62
2026-06-05,any,fuse,2.77
2026-06-05,any,caustic,1.733
2026-06-05,any,wraith,5.429
2026-06-05,any,crypto,0.76
2026-06-05,any,catalyst,0.495
2026-06-05,any,mirage,2.07
2026-06-05,any,bloodhound,1.304
2026-06-05,any,lifeline,3.422
2026-06-05,any,newcastle,1.04
2026-06-05,any,wattson,1.559
2026-06-05,any,rampart,0.784
2026-06-05,any,ash,4.874
2026-06-05,any,ballistic,0.576
2026-06-06,any,axle,15.967
2026-06-06,any,loba,1.038
2026-06-06,any,pathfinder,2.213
2026-06-06,any,seer,0.439
2026-06-06,any,revenant,1.935
2026-06-06,any,octane,7.394
2026-06-06,any,alter,1.544
2026-06-06,any,mad-maggie,7.761
2026-06-06,any,gibraltar,2.198
2026-06-06,any,bangalore,5.367
2026-06-06,any,vantage,3.765
2026-06-06,any,horizon,1.306
2026-06-06,any,sparrow,2.208
2026-06-06,any,valkyrie,8.957
2026-06-06,any,conduit,10.944
2026-06-06,any,fuse,2.682
2026-06-06,any,caustic,1.692
2026-06-06,any,wraith,5.382
2026-06-06,any,crypto,0.734
2026-06-06,any,catalyst,0.481
2026-06-06,any,mirage,2.039
2026-06-06,any,bloodhound,1.319
2026-06-06,any,lifeline,3.286
2026-06-06,any,newcastle,1.017
2026-06-06,any,wattson,1.569
2026-06-06,any,rampart,0.791
2026-06-06,any,ash,5.404
2026-06-06,any,ballistic,0.567
2026-06-07,any,axle,16.376
2026-06-07,any,loba,1.015
2026-06-07,any,pathfinder,2.105
2026-06-07,any,seer,0.434
2026-06-07,any,revenant,1.981
2026-06-07,any,octane,7.309
2026-06-07,any,alter,1.518
2026-06-07,any,mad-maggie,7.939
2026-06-07,any,gibraltar,2.176
2026-06-07,any,bangalore,5.336
2026-06-07,any,vantage,3.674
2026-06-07,any,horizon,1.283
2026-06-07,any,sparrow,2.231
2026-06-07,any,valkyrie,9.363
2026-06-07,any,conduit,10.894
2026-06-07,any,fuse,2.725
2026-06-07,any,caustic,1.742
2026-06-07,any,wraith,5.182
2026-06-07,any,crypto,0.771
2026-06-07,any,catalyst,0.482
2026-06-07,any,mirage,2.047
2026-06-07,any,bloodhound,1.164
2026-06-07,any,lifeline,3.134
2026-06-07,any,newcastle,1.043
2026-06-07,any,wattson,1.591
2026-06-07,any,rampart,0.8
2026-06-07,any,ash,5.115
2026-06-07,any,ballistic,0.573
2026-06-08,any,axle,16.527
2026-06-08,any,loba,1.013
2026-06-08,any,pathfinder,2.234
2026-06-08,any,seer,0.439
2026-06-08,any,revenant,1.924
2026-06-08,any,octane,7.082
2026-06-08,any,alter,1.458
2026-06-08,any,mad-maggie,8.034
2026-06-08,any,gibraltar,2.248
2026-06-08,any,bangalore,5.452
2026-06-08,any,vantage,3.461
2026-06-08,any,horizon,1.266
2026-06-08,any,sparrow,2.232
2026-06-08,any,valkyrie,9.539
2026-06-08,any,conduit,10.673
2026-06-08,any,fuse,2.648
2026-06-08,any,caustic,1.778
2026-06-08,any,wraith,5.247
2026-06-08,any,crypto,0.756
2026-06-08,any,catalyst,0.462
2026-06-08,any,mirage,2.067
2026-06-08,any,bloodhound,1.412
2026-06-08,any,lifeline,3.356
2026-06-08,any,newcastle,1.04
2026-06-08,any,wattson,1.547
2026-06-08,any,rampart,0.812
2026-06-08,any,ash,4.715
2026-06-08,any,ballistic,0.581
2026-06-09,any,axle,16.595
2026-06-09,any,loba,1.037
2026-06-09,any,pathfinder,2.298
2026-06-09,any,seer,0.458
2026-06-09,any,revenant,1.956
2026-06-09,any,octane,7.116
2026-06-09,any,alter,1.475
2026-06-09,any,mad-maggie,7.954
2026-06-09,any,gibraltar,2.273
2026-06-09,any,bangalore,5.433
2026-06-09,any,vantage,3.321
2026-06-09,any,horizon,1.284
2026-06-09,any,sparrow,2.261
2026-06-09,any,valkyrie,9.595
2026-06-09,any,conduit,10.406
2026-06-09,any,fuse,2.662
2026-06-09,any,caustic,1.861
2026-06-09,any,wraith,5.281
2026-06-09,any,crypto,0.747
2026-06-09,any,catalyst,0.465
2026-06-09,any,mirage,2.104
2026-06-09,any,bloodhound,1.422
2026-06-09,any,lifeline,3.429
2026-06-09,any,newcastle,1.035
2026-06-09,any,wattson,1.563
2026-06-09,any,rampart,0.809
2026-06-09,any,ash,4.576
2026-06-09,any,ballistic,0.585
2026-06-10,any,axle,16.456
2026-06-10,any,loba,1.031
2026-06-10,any,pathfinder,2.43
2026-06-10,any,seer,0.473
2026-06-10,any,revenant,1.955
2026-06-10,any,octane,7.172
2026-06-10,any,alter,1.463
2026-06-10,any,mad-maggie,7.889
2026-06-10,any,gibraltar,2.292
2026-06-10,any,bangalore,5.542
2026-06-10,any,vantage,3.254
2026-06-10,any,horizon,1.283
2026-06-10,any,sparrow,2.242
2026-06-10,any,valkyrie,9.508
2026-06-10,any,conduit,10.19
2026-06-10,any,fuse,2.603
2026-06-10,any,caustic,1.854
2026-06-10,any,wraith,5.425
2026-06-10,any,crypto,0.728
2026-06-10,any,catalyst,0.463
2026-06-10,any,mirage,2.115
2026-06-10,any,bloodhound,1.59
2026-06-10,any,lifeline,3.594
2026-06-10,any,newcastle,0.993
2026-06-10,any,wattson,1.575
2026-06-10,any,rampart,0.808
2026-06-10,any,ash,4.484
2026-06-10,any,ballistic,0.587
2026-06-11,any,axle,16.472
2026-06-11,any,loba,1.061
2026-06-11,any,pathfinder,2.366
2026-06-11,any,seer,0.462
2026-06-11,any,revenant,2.031
2026-06-11,any,octane,7.356
2026-06-11,any,alter,1.465
2026-06-11,any,mad-maggie,7.815
2026-06-11,any,gibraltar,2.267
2026-06-11,any,bangalore,5.486
2026-06-11,any,vantage,3.311
2026-06-11,any,horizon,1.324
2026-06-11,any,sparrow,2.293
2026-06-11,any,valkyrie,9.477
2026-06-11,any,conduit,10.275
2026-06-11,any,fuse,2.617
2026-06-11,any,caustic,1.884
2026-06-11,any,wraith,5.29
2026-06-11,any,crypto,0.714
2026-06-11,any,catalyst,0.477
2026-06-11,any,mirage,2.11
2026-06-11,any,bloodhound,1.355
2026-06-11,any,lifeline,3.399
2026-06-11,any,newcastle,0.991
2026-06-11,any,wattson,1.628
2026-06-11,any,rampart,0.813
2026-06-11,any,ash,4.679
2026-06-11,any,ballistic,0.581
2026-06-12,any,axle,16.402
2026-06-12,any,loba,1.031
2026-06-12,any,pathfinder,2.414
2026-06-12,any,seer,0.451
2026-06-12,any,revenant,2.009
2026-06-12,any,octane,7.325
2026-06-12,any,alter,1.388
2026-06-12,any,mad-maggie,7.848
2026-06-12,any,gibraltar,2.295
2026-06-12,any,bangalore,5.595
2026-06-12,any,vantage,3.314
2026-06-12,any,horizon,1.284
2026-06-12,any,sparrow,2.288
2026-06-12,any,valkyrie,9.493
2026-06-12,any,conduit,10.16
2026-06-12,any,fuse,2.648
2026-06-12,any,caustic,1.793
2026-06-12,any,wraith,5.318
2026-06-12,any,crypto,0.709
2026-06-12,any,catalyst,0.466
2026-06-12,any,mirage,2.117
2026-06-12,any,bloodhound,1.486
2026-06-12,any,lifeline,3.58
2026-06-12,any,newcastle,0.975
2026-06-12,any,wattson,1.578
2026-06-12,any,rampart,0.818
2026-06-12,any,ash,4.631
2026-06-12,any,ballistic,0.584
2026-06-13,any,axle,16.631
2026-06-13,any,loba,1.015
2026-06-13,any,pathfinder,2.295
2026-06-13,any,seer,0.443
2026-06-13,any,revenant,1.992
2026-06-13,any,octane,7.29
2026-06-13,any,alter,1.395
2026-06-13,any,mad-maggie,7.919
2026-06-13,any,gibraltar,2.257
2026-06-13,any,bangalore,5.521
2026-06-13,any,vantage,3.273
2026-06-13,any,horizon,1.267
2026-06-13,any,sparrow,2.336
2026-06-13,any,valkyrie,9.769
2026-06-13,any,conduit,10.261
2026-06-13,any,fuse,2.686
2026-06-13,any,caustic,1.814
2026-06-13,any,wraith,5.141
2026-06-13,any,crypto,0.698
2026-06-13,any,catalyst,0.48
2026-06-13,any,mirage,2.125
2026-06-13,any,bloodhound,1.367
2026-06-13,any,lifeline,3.441
2026-06-13,any,newcastle,1.001
2026-06-13,any,wattson,1.578
2026-06-13,any,rampart,0.843
2026-06-13,any,ash,4.562
2026-06-13,any,ballistic,0.601
2026-06-14,any,axle,16.677
2026-06-14,any,loba,1.016
2026-06-14,any,pathfinder,2.318
2026-06-14,any,seer,0.438
2026-06-14,any,revenant,1.993
2026-06-14,any,octane,7.134
2026-06-14,any,alter,1.409
2026-06-14,any,mad-maggie,7.948
2026-06-14,any,gibraltar,2.259
2026-06-14,any,bangalore,5.582
2026-06-14,any,vantage,3.227
2026-06-14,any,horizon,1.305
2026-06-14,any,sparrow,2.287
2026-06-14,any,valkyrie,9.897
2026-06-14,any,conduit,10.041
2026-06-14,any,fuse,2.734
2026-06-14,any,caustic,1.812
2026-06-14,any,wraith,5.212
2026-06-14,any,crypto,0.727
2026-06-14,any,catalyst,0.483
2026-06-14,any,mirage,2.11
2026-06-14,any,bloodhound,1.469
2026-06-14,any,lifeline,3.566
2026-06-14,any,newcastle,1.009
2026-06-14,any,wattson,1.564
2026-06-14,any,rampart,0.823
2026-06-14,any,ash,4.354
2026-06-14,any,ballistic,0.603
2026-06-15,any,axle,16.794
2026-06-15,any,loba,1.028
2026-06-15,any,pathfinder,2.218
2026-06-15,any,seer,0.454
2026-06-15,any,revenant,1.985
2026-06-15,any,octane,7.083
2026-06-15,any,alter,1.41
2026-06-15,any,mad-maggie,7.947
2026-06-15,any,gibraltar,2.223
2026-06-15,any,bangalore,5.597
2026-06-15,any,vantage,3.22
2026-06-15,any,horizon,1.337
2026-06-15,any,sparrow,2.285
2026-06-15,any,valkyrie,10.171
2026-06-15,any,conduit,10.167
2026-06-15,any,fuse,2.766
2026-06-15,any,caustic,1.853
2026-06-15,any,wraith,5.07
2026-06-15,any,crypto,0.73
2026-06-15,any,catalyst,0.495
2026-06-15,any,mirage,2.138
2026-06-15,any,bloodhound,1.324
2026-06-15,any,lifeline,3.386
2026-06-15,any,newcastle,1.018
2026-06-15,any,wattson,1.561
2026-06-15,any,rampart,0.836
2026-06-15,any,ash,4.294
2026-06-15,any,ballistic,0.608
2026-06-16,any,axle,17.032
2026-06-16,any,loba,1.056
2026-06-16,any,pathfinder,2.212
2026-06-16,any,seer,0.465
2026-06-16,any,revenant,1.989
2026-06-16,any,octane,7.033
2026-06-16,any,alter,1.394
2026-06-16,any,mad-maggie,7.915
2026-06-16,any,gibraltar,2.207
2026-06-16,any,bangalore,5.656
2026-06-16,any,vantage,3.226
2026-06-16,any,horizon,1.402
2026-06-16,any,sparrow,2.257
2026-06-16,any,valkyrie,10.139
2026-06-16,any,conduit,10.132
2026-06-16,any,fuse,2.771
2026-06-16,any,caustic,1.849
2026-06-16,any,wraith,5.078
2026-06-16,any,crypto,0.748
2026-06-16,any,catalyst,0.492
2026-06-16,any,mirage,2.163
2026-06-16,any,bloodhound,1.27
2026-06-16,any,lifeline,3.355
2026-06-16,any,newcastle,0.993
2026-06-16,any,wattson,1.55
2026-06-16,any,rampart,0.806
2026-06-16,any,ash,4.21
2026-06-16,any,ballistic,0.601
2026-06-17,any,axle,17.386
2026-06-17,any,loba,1.034
2026-06-17,any,pathfinder,2.159
2026-06-17,any,seer,0.454
2026-06-17,any,revenant,1.97
2026-06-17,any,octane,7.031
2026-06-17,any,alter,1.349
2026-06-17,any,mad-maggie,8.008
2026-06-17,any,gibraltar,2.139
2026-06-17,any,bangalore,5.612
2026-06-17,any,vantage,3.213
2026-06-17,any,horizon,1.388
2026-06-17,any,sparrow,2.274
2026-06-17,any,valkyrie,10.393
2026-06-17,any,conduit,10.193
2026-06-17,any,fuse,2.773
2026-06-17,any,caustic,1.883
2026-06-17,any,wraith,4.984
2026-06-17,any,crypto,0.723
2026-06-17,any,catalyst,0.48
2026-06-17,any,mirage,2.19
2026-06-17,any,bloodhound,1.102
2026-06-17,any,lifeline,3.15
2026-06-17,any,newcastle,1.007
2026-06-17,any,wattson,1.564
2026-06-17,any,rampart,0.799
2026-06-17,any,ash,4.142
2026-06-17,any,ballistic,0.6
2026-06-18,any,axle,17.469
2026-06-18,any,loba,1.034
2026-06-18,any,pathfinder,2.123
2026-06-18,any,seer,0.452
2026-06-18,any,revenant,2.017
2026-06-18,any,octane,7.031
2026-06-18,any,alter,1.364
2026-06-18,any,mad-maggie,7.942
2026-06-18,any,gibraltar,2.17
2026-06-18,any,bangalore,5.563
2026-06-18,any,vantage,3.271
2026-06-18,any,horizon,1.391
2026-06-18,any,sparrow,2.239
2026-06-18,any,valkyrie,10.479
2026-06-18,any,conduit,10.076
2026-06-18,any,fuse,2.813
2026-06-18,any,caustic,1.959
2026-06-18,any,wraith,4.976
2026-06-18,any,crypto,0.699
2026-06-18,any,catalyst,0.488
2026-06-18,any,mirage,2.18
2026-06-18,any,bloodhound,1.038
2026-06-18,any,lifeline,3.074
2026-06-18,any,newcastle,0.993
2026-06-18,any,wattson,1.582
2026-06-18,any,rampart,0.802
2026-06-18,any,ash,4.181
2026-06-18,any,ballistic,0.594
2026-06-19,any,axle,17.318
2026-06-19,any,loba,1.003
2026-06-19,any,pathfinder,2.257
2026-06-19,any,seer,0.429
2026-06-19,any,revenant,1.968
2026-06-19,any,octane,6.948
2026-06-19,any,alter,1.317
2026-06-19,any,mad-maggie,7.816
2026-06-19,any,gibraltar,2.221
2026-06-19,any,bangalore,5.577
2026-06-19,any,vantage,3.249
2026-06-19,any,horizon,1.347
2026-06-19,any,sparrow,2.186
2026-06-19,any,valkyrie,10.607
2026-06-19,any,conduit,9.884
2026-06-19,any,fuse,2.827
2026-06-19,any,caustic,1.996
2026-06-19,any,wraith,5.079
2026-06-19,any,crypto,0.684
2026-06-19,any,catalyst,0.474
2026-06-19,any,mirage,2.149
2026-06-19,any,bloodhound,1.319
2026-06-19,any,lifeline,3.34
2026-06-19,any,newcastle,0.99
2026-06-19,any,wattson,1.521
2026-06-19,any,rampart,0.778
2026-06-19,any,ash,4.124
2026-06-19,any,ballistic,0.59
2026-06-20,any,axle,16.993
2026-06-20,any,loba,1.019
2026-06-20,any,pathfinder,2.378
2026-06-20,any,seer,0.466
2026-06-20,any,revenant,1.991
2026-06-20,any,octane,6.963
2026-06-20,any,alter,1.346
2026-06-20,any,mad-maggie,7.652
2026-06-20,any,gibraltar,2.249
2026-06-20,any,bangalore,5.588
2026-06-20,any,vantage,3.308
2026-06-20,any,horizon,1.355
2026-06-20,any,sparrow,2.213
2026-06-20,any,valkyrie,10.463
2026-06-20,any,conduit,9.74
2026-06-20,any,fuse,2.944
2026-06-20,any,caustic,2.083
2026-06-20,any,wraith,5.062
2026-06-20,any,crypto,0.68
2026-06-20,any,catalyst,0.472
2026-06-20,any,mirage,2.133
2026-06-20,any,bloodhound,1.321
2026-06-20,any,lifeline,3.376
2026-06-20,any,newcastle,1.004
2026-06-20,any,wattson,1.547
2026-06-20,any,rampart,0.788
2026-06-20,any,ash,4.189
2026-06-20,any,ballistic,0.678
2026-06-21,any,axle,16.942
2026-06-21,any,loba,0.989
2026-06-21,any,pathfinder,2.452
2026-06-21,any,seer,0.493
2026-06-21,any,revenant,1.963
2026-06-21,any,octane,7.006
2026-06-21,any,alter,1.34
2026-06-21,any,mad-maggie,7.639
2026-06-21,any,gibraltar,2.281
2026-06-21,any,bangalore,5.674
2026-06-21,any,vantage,3.354
2026-06-21,any,horizon,1.357
2026-06-21,any,sparrow,2.259
2026-06-21,any,valkyrie,10.438
2026-06-21,any,conduit,9.672
2026-06-21,any,fuse,3.049
2026-06-21,any,caustic,2.103
2026-06-21,any,wraith,4.928
2026-06-21,any,crypto,0.687
2026-06-21,any,catalyst,0.457
2026-06-21,any,mirage,2.178
2026-06-21,any,bloodhound,1.253
2026-06-21,any,lifeline,3.339
2026-06-21,any,newcastle,1.019
2026-06-21,any,wattson,1.517
2026-06-21,any,rampart,0.777
2026-06-21,any,ash,4.073
2026-06-21,any,ballistic,0.758
2026-06-22,any,axle,17.092
2026-06-22,any,loba,0.998
2026-06-22,any,pathfinder,2.41
2026-06-22,any,seer,0.533
2026-06-22,any,revenant,2.008
2026-06-22,any,octane,7.045
2026-06-22,any,alter,1.364
2026-06-22,any,mad-maggie,7.688
2026-06-22,any,gibraltar,2.218
2026-06-22,any,bangalore,5.594
2026-06-22,any,vantage,3.454
2026-06-22,any,horizon,1.34
2026-06-22,any,sparrow,2.331
2026-06-22,any,valkyrie,10.52
2026-06-22,any,conduit,9.697
2026-06-22,any,fuse,3.138
2026-06-22,any,caustic,2.171
2026-06-22,any,wraith,4.723
2026-06-22,any,crypto,0.699
2026-06-22,any,catalyst,0.468
2026-06-22,any,mirage,2.227
2026-06-22,any,bloodhound,0.953
2026-06-22,any,lifeline,3.083
2026-06-22,any,newcastle,1.023
2026-06-22,any,wattson,1.548
2026-06-22,any,rampart,0.786
2026-06-22,any,ash,4.065
2026-06-22,any,ballistic,0.824
2026-06-23,any,axle,16.969
2026-06-23,any,loba,1.015
2026-06-23,any,pathfinder,2.547
2026-06-23,any,seer,0.554
2026-06-23,any,revenant,2.031
2026-06-23,any,octane,7.018
2026-06-23,any,alter,1.384
2026-06-23,any,mad-maggie,7.559
2026-06-23,any,gibraltar,2.232
2026-06-23,any,bangalore,5.684
2026-06-23,any,vantage,3.43
2026-06-23,any,horizon,1.378
2026-06-23,any,sparrow,2.317
2026-06-23,any,valkyrie,10.421
2026-06-23,any,conduit,9.436
2026-06-23,any,fuse,3.075
2026-06-23,any,caustic,2.148
2026-06-23,any,wraith,4.865
2026-06-23,any,crypto,0.711
2026-06-23,any,catalyst,0.466
2026-06-23,any,mirage,2.248
2026-06-23,any,bloodhound,1.142
2026-06-23,any,lifeline,3.274
2026-06-23,any,newcastle,1.012
2026-06-23,any,wattson,1.547
2026-06-23,any,rampart,0.788
2026-06-23,any,ash,3.933
2026-06-23,any,ballistic,0.817
2026-06-24,any,axle,16.225
2026-06-24,any,loba,1.125
2026-06-24,any,pathfinder,8.419
2026-06-24,any,seer,4.284
2026-06-24,any,revenant,2.295
2026-06-24,any,octane,7.033
2026-06-24,any,alter,1.682
2026-06-24,any,mad-maggie,4.579
2026-06-24,any,gibraltar,2.034
2026-06-24,any,bangalore,4.84
2026-06-24,any,vantage,2.284
2026-06-24,any,horizon,2.318
2026-06-24,any,sparrow,1.716
2026-06-24,any,valkyrie,5.863
2026-06-24,any,conduit,6.022
2026-06-24,any,fuse,2.193
2026-06-24,any,caustic,1.738
2026-06-24,any,wraith,6.045
2026-06-24,any,crypto,0.807
2026-06-24,any,catalyst,0.75
2026-06-24,any,mirage,1.682
2026-06-24,any,bloodhound,1.386
2026-06-24,any,lifeline,3.318
2026-06-24,any,newcastle,0.739
2026-06-24,any,wattson,1.75
2026-06-24,any,rampart,0.773
2026-06-24,any,ash,3.965
2026-06-24,any,ballistic,4.136
2026-06-25,any,axle,13.895
2026-06-25,any,loba,1.248
2026-06-25,any,pathfinder,9.604
2026-06-25,any,seer,8.436
2026-06-25,any,revenant,2.154
2026-06-25,any,octane,6.628
2026-06-25,any,alter,1.513
2026-06-25,any,mad-maggie,4.617
2026-06-25,any,gibraltar,2.019
2026-06-25,any,bangalore,4.737
2026-06-25,any,vantage,1.974
2026-06-25,any,horizon,1.79
2026-06-25,any,sparrow,1.83
2026-06-25,any,valkyrie,5.981
2026-06-25,any,conduit,4.918
2026-06-25,any,fuse,2.355
2026-06-25,any,caustic,1.713
2026-06-25,any,wraith,5.092
2026-06-25,any,crypto,0.568
2026-06-25,any,catalyst,0.51
2026-06-25,any,mirage,1.982
2026-06-25,any,bloodhound,1.075
2026-06-25,any,lifeline,3.07
2026-06-25,any,newcastle,0.848
2026-06-25,any,wattson,1.751
2026-06-25,any,rampart,0.702
2026-06-25,any,ash,3.091
2026-06-25,any,ballistic,5.898
2026-06-26,any,axle,12.513
2026-06-26,any,loba,1.095
2026-06-26,any,pathfinder,9.821
2026-06-26,any,seer,12.17
2026-06-26,any,revenant,1.942
2026-06-26,any,octane,6.354
2026-06-26,any,alter,1.589
2026-06-26,any,mad-maggie,4.73
2026-06-26,any,gibraltar,1.978
2026-06-26,any,bangalore,4.708
2026-06-26,any,vantage,1.659
2026-06-26,any,horizon,1.388
2026-06-26,any,sparrow,1.679
2026-06-26,any,valkyrie,5.235
2026-06-26,any,conduit,4.404
2026-06-26,any,fuse,2.623
2026-06-26,any,caustic,1.864
2026-06-26,any,wraith,4.692
2026-06-26,any,crypto,0.522
2026-06-26,any,catalyst,0.474
2026-06-26,any,mirage,2.003
2026-06-26,any,bloodhound,1.132
2026-06-26,any,lifeline,3.302
2026-06-26,any,newcastle,0.836
2026-06-26,any,wattson,1.545
2026-06-26,any,rampart,0.7
2026-06-26,any,ash,2.813
2026-06-26,any,ballistic,6.228
2026-06-27,any,axle,11.999
2026-06-27,any,loba,1.08
2026-06-27,any,pathfinder,9.809
2026-06-27,any,seer,12.684
2026-06-27,any,revenant,1.941
2026-06-27,any,octane,6.473
2026-06-27,any,alter,1.606
2026-06-27,any,mad-maggie,4.72
2026-06-27,any,gibraltar,2.015
2026-06-27,any,bangalore,4.748
2026-06-27,any,vantage,1.644
2026-06-27,any,horizon,1.345
2026-06-27,any,sparrow,1.697
2026-06-27,any,valkyrie,5.045
2026-06-27,any,conduit,4.273
2026-06-27,any,fuse,2.677
2026-06-27,any,caustic,1.906
2026-06-27,any,wraith,4.851
2026-06-27,any,crypto,0.517
2026-06-27,any,catalyst,0.487
2026-06-27,any,mirage,2.008
2026-06-27,any,bloodhound,1.292
2026-06-27,any,lifeline,3.553
2026-06-27,any,newcastle,0.83
2026-06-27,any,wattson,1.562
2026-06-27,any,rampart,0.709
2026-06-27,any,ash,2.765
2026-06-27,any,ballistic,5.765
2026-06-28,any,axle,11.955
2026-06-28,any,loba,1.079
2026-06-28,any,pathfinder,9.986
2026-06-28,any,seer,14.052
2026-06-28,any,revenant,1.92
2026-06-28,any,octane,6.36
2026-06-28,any,alter,1.763
2026-06-28,any,mad-maggie,4.943
2026-06-28,any,gibraltar,1.939
2026-06-28,any,bangalore,4.673
2026-06-28,any,vantage,1.577
2026-06-28,any,horizon,1.29
2026-06-28,any,sparrow,1.6
2026-06-28,any,valkyrie,4.766
2026-06-28,any,conduit,4.127
2026-06-28,any,fuse,2.807
2026-06-28,any,caustic,1.901
2026-06-28,any,wraith,4.669
2026-06-28,any,crypto,0.502
2026-06-28,any,catalyst,0.493
2026-06-28,any,mirage,1.975
2026-06-28,any,bloodhound,1.204
2026-06-28,any,lifeline,3.42
2026-06-28,any,newcastle,0.805
2026-06-28,any,wattson,1.584
2026-06-28,any,rampart,0.688
2026-06-28,any,ash,2.666
2026-06-28,any,ballistic,5.253
2026-06-29,any,axle,11.953
2026-06-29,any,loba,1.101
2026-06-29,any,pathfinder,10.026
2026-06-29,any,seer,14.096
2026-06-29,any,revenant,1.937
2026-06-29,any,octane,6.376
2026-06-29,any,alter,1.849
2026-06-29,any,mad-maggie,5.148
2026-06-29,any,gibraltar,1.94
2026-06-29,any,bangalore,4.632
2026-06-29,any,vantage,1.603
2026-06-29,any,horizon,1.302
2026-06-29,any,sparrow,1.602
2026-06-29,any,valkyrie,4.798
2026-06-29,any,conduit,4.098
2026-06-29,any,fuse,2.894
2026-06-29,any,caustic,1.931
2026-06-29,any,wraith,4.633
2026-06-29,any,crypto,0.483
2026-06-29,any,catalyst,0.497
2026-06-29,any,mirage,2.018
2026-06-29,any,bloodhound,1.166
2026-06-29,any,lifeline,3.484
2026-06-29,any,newcastle,0.8
2026-06-29,any,wattson,1.606
2026-06-29,any,rampart,0.684
2026-06-29,any,ash,2.658
2026-06-29,any,ballistic,4.684
2026-06-30,any,axle,11.959
2026-06-30,any,loba,1.142
2026-06-30,any,pathfinder,10.055
2026-06-30,any,seer,14.153
2026-06-30,any,revenant,1.946
2026-06-30,any,octane,6.269
2026-06-30,any,alter,1.99
2026-06-30,any,mad-maggie,5.323
2026-06-30,any,gibraltar,1.96
2026-06-30,any,bangalore,4.622
2026-06-30,any,vantage,1.604
2026-06-30,any,horizon,1.317
2026-06-30,any,sparrow,1.573
2026-06-30,any,valkyrie,4.771
2026-06-30,any,conduit,4.019
2026-06-30,any,fuse,3.012
2026-06-30,any,caustic,1.967
2026-06-30,any,wraith,4.568
2026-06-30,any,crypto,0.486
2026-06-30,any,catalyst,0.489
2026-06-30,any,mirage,2.105
2026-06-30,any,bloodhound,1.137
2026-06-30,any,lifeline,3.457
2026-06-30,any,newcastle,0.82
2026-06-30,any,wattson,1.64
2026-06-30,any,rampart,0.695
2026-06-30,any,ash,2.633
2026-06-30,any,ballistic,4.287
2026-07-01,any,axle,12.079
2026-07-01,any,loba,1.151
2026-07-01,any,pathfinder,9.992
2026-07-01,any,seer,13.699
2026-07-01,any,revenant,1.99
2026-07-01,any,octane,6.404
2026-07-01,any,alter,1.918
2026-07-01,any,mad-maggie,5.316
2026-07-01,any,gibraltar,1.979
2026-07-01,any,bangalore,4.718
2026-07-01,any,vantage,1.67
2026-07-01,any,horizon,1.352
2026-07-01,any,sparrow,1.575
2026-07-01,any,valkyrie,4.861
2026-07-01,any,conduit,3.98
2026-07-01,any,fuse,3.057
2026-07-01,any,caustic,1.952
2026-07-01,any,wraith,4.719
2026-07-01,any,crypto,0.481
2026-07-01,any,catalyst,0.49
2026-07-01,any,mirage,2.139
2026-07-01,any,bloodhound,1.229
2026-07-01,any,lifeline,3.616
2026-07-01,any,newcastle,0.808
2026-07-01,any,wattson,1.671
2026-07-01,any,rampart,0.705
2026-07-01,any,ash,2.635
2026-07-01,any,ballistic,3.817
2026-07-02,any,axle,12.009
2026-07-02,any,loba,1.215
2026-07-02,any,pathfinder,9.826
2026-07-02,any,seer,13.084
2026-07-02,any,revenant,2.091
2026-07-02,any,octane,6.605
2026-07-02,any,alter,1.911
2026-07-02,any,mad-maggie,5.402
2026-07-02,any,gibraltar,2.004
2026-07-02,any,bangalore,4.819
2026-07-02,any,vantage,1.68
2026-07-02,any,horizon,1.403
2026-07-02,any,sparrow,1.645
2026-07-02,any,valkyrie,4.934
2026-07-02,any,conduit,3.878
2026-07-02,any,fuse,3.185
2026-07-02,any,caustic,1.995
2026-07-02,any,wraith,4.823
2026-07-02,any,crypto,0.5
2026-07-02,any,catalyst,0.501
2026-07-02,any,mirage,2.202
2026-07-02,any,bloodhound,1.276
2026-07-02,any,lifeline,3.611
2026-07-02,any,newcastle,0.837
2026-07-02,any,wattson,1.767
2026-07-02,any,rampart,0.754
2026-07-02,any,ash,2.64
2026-07-02,any,ballistic,3.404
2026-07-03,any,axle,12.084
2026-07-03,any,loba,1.228
2026-07-03,any,pathfinder,9.839
2026-07-03,any,seer,12.28
2026-07-03,any,revenant,2.144
2026-07-03,any,octane,6.727
2026-07-03,any,alter,1.836
2026-07-03,any,mad-maggie,5.592
2026-07-03,any,gibraltar,2.005
2026-07-03,any,bangalore,4.952
2026-07-03,any,vantage,1.711
2026-07-03,any,horizon,1.442
2026-07-03,any,sparrow,1.711
2026-07-03,any,valkyrie,5.201
2026-07-03,any,conduit,3.864
2026-07-03,any,fuse,3.323
2026-07-03,any,caustic,2.043
2026-07-03,any,wraith,4.774
2026-07-03,any,crypto,0.496
2026-07-03,any,catalyst,0.514
2026-07-03,any,mirage,2.253
2026-07-03,any,bloodhound,1.149
2026-07-03,any,lifeline,3.46
2026-07-03,any,newcastle,0.898
2026-07-03,any,wattson,1.807
2026-07-03,any,rampart,0.763
2026-07-03,any,ash,2.692
2026-07-03,any,ballistic,3.212
2026-07-04,any,axle,11.897
2026-07-04,any,loba,1.255
2026-07-04,any,pathfinder,9.813
2026-07-04,any,seer,10.818
2026-07-04,any,revenant,2.185
2026-07-04,any,octane,6.853
2026-07-04,any,alter,1.9
2026-07-04,any,mad-maggie,5.815
2026-07-04,any,gibraltar,2.067
2026-07-04,any,bangalore,5.046
2026-07-04,any,vantage,1.804
2026-07-04,any,horizon,1.474
2026-07-04,any,sparrow,1.836
2026-07-04,any,valkyrie,5.458
2026-07-04,any,conduit,3.834
2026-07-04,any,fuse,3.458
2026-07-04,any,caustic,2.157
2026-07-04,any,wraith,4.854
2026-07-04,any,crypto,0.525
2026-07-04,any,catalyst,0.551
2026-07-04,any,mirage,2.318
2026-07-04,any,bloodhound,1.131
2026-07-04,any,lifeline,3.513
2026-07-04,any,newcastle,0.972
2026-07-04,any,wattson,1.872
2026-07-04,any,rampart,0.789
2026-07-04,any,ash,2.767
2026-07-04,any,ballistic,3.035
2026-07-05,any,axle,11.681
2026-07-05,any,loba,1.267
2026-07-05,any,pathfinder,9.814
2026-07-05,any,seer,9.502
2026-07-05,any,revenant,2.186
2026-07-05,any,octane,6.948
2026-07-05,any,alter,1.999
2026-07-05,any,mad-maggie,5.935
2026-07-05,any,gibraltar,2.091
2026-07-05,any,bangalore,5.174
2026-07-05,any,vantage,1.846
2026-07-05,any,horizon,1.47
2026-07-05,any,sparrow,1.927
2026-07-05,any,valkyrie,5.789
2026-07-05,any,conduit,3.865
2026-07-05,any,fuse,3.631
2026-07-05,any,caustic,2.28
2026-07-05,any,wraith,4.904
2026-07-05,any,crypto,0.556
2026-07-05,any,catalyst,0.58
2026-07-05,any,mirage,2.391
2026-07-05,any,bloodhound,1.204
2026-07-05,any,lifeline,3.689
2026-07-05,any,newcastle,1.003
2026-07-05,any,wattson,1.858
2026-07-05,any,rampart,0.81
2026-07-05,any,ash,2.77
2026-07-05,any,ballistic,2.83
2026-07-06,any,axle,11.537
2026-07-06,any,loba,1.292
2026-07-06,any,pathfinder,9.736
2026-07-06,any,seer,8.548
2026-07-06,any,revenant,2.177
2026-07-06,any,octane,7.002
2026-07-06,any,alter,2.034
2026-07-06,any,mad-maggie,5.98
2026-07-06,any,gibraltar,2.126
2026-07-06,any,bangalore,5.282
2026-07-06,any,vantage,1.89
2026-07-06,any,horizon,1.434
2026-07-06,any,sparrow,2.02
2026-07-06,any,valkyrie,6.013
2026-07-06,any,conduit,3.864
2026-07-06,any,fuse,3.769
2026-07-06,any,caustic,2.371
2026-07-06,any,wraith,4.954
2026-07-06,any,crypto,0.589
2026-07-06,any,catalyst,0.584
2026-07-06,any,mirage,2.505
2026-07-06,any,bloodhound,1.244
2026-07-06,any,lifeline,3.833
2026-07-06,any,newcastle,1.001
2026-07-06,any,wattson,1.877
2026-07-06,any,rampart,0.848
2026-07-06,any,ash,2.778
2026-07-06,any,ballistic,2.712
2026-07-07,any,axle,11.444
2026-07-07,any,loba,1.291
2026-07-07,any,pathfinder,9.68
2026-07-07,any,seer,7.971
2026-07-07,any,revenant,2.215
2026-07-07,any,octane,7.122
2026-07-07,any,alter,2.045
2026-07-07,any,mad-maggie,5.957
2026-07-07,any,gibraltar,2.113
2026-07-07,any,bangalore,5.301
2026-07-07,any,vantage,1.9
2026-07-07,any,horizon,1.446
2026-07-07,any,sparrow,2.069
2026-07-07,any,valkyrie,6.107
2026-07-07,any,conduit,3.89
2026-07-07,any,fuse,3.884
2026-07-07,any,caustic,2.414
2026-07-07,any,wraith,5.006
2026-07-07,any,crypto,0.621
2026-07-07,any,catalyst,0.586
2026-07-07,any,mirage,2.569
2026-07-07,any,bloodhound,1.274
2026-07-07,any,lifeline,3.907
2026-07-07,any,newcastle,0.99
2026-07-07,any,wattson,1.918
2026-07-07,any,rampart,0.877
2026-07-07,any,ash,2.836
2026-07-07,any,ballistic,2.567
2026-07-08,any,axle,11.501
2026-07-08,any,loba,1.331
2026-07-08,any,pathfinder,9.679
2026-07-08,any,seer,7.379
2026-07-08,any,revenant,2.26
2026-07-08,any,octane,7.186
2026-07-08,any,alter,2.003
2026-07-08,any,mad-maggie,5.939
2026-07-08,any,gibraltar,2.145
2026-07-08,any,bangalore,5.344
2026-07-08,any,vantage,1.94
2026-07-08,any,horizon,1.493
2026-07-08,any,sparrow,2.158
2026-07-08,any,valkyrie,6.136
2026-07-08,any,conduit,3.866
2026-07-08,any,fuse,3.956
2026-07-08,any,caustic,2.428
2026-07-08,any,wraith,5.117
2026-07-08,any,crypto,0.636
2026-07-08,any,catalyst,0.56
2026-07-08,any,mirage,2.576
2026-07-08,any,bloodhound,1.301
2026-07-08,any,lifeline,3.939
2026-07-08,any,newcastle,0.986
2026-07-08,any,wattson,1.967
2026-07-08,any,rampart,0.865
2026-07-08,any,ash,2.885
2026-07-08,any,ballistic,2.424
2026-07-09,any,axle,11.451
2026-07-09,any,loba,1.329
2026-07-09,any,pathfinder,9.524
2026-07-09,any,seer,6.821
2026-07-09,any,revenant,2.317
2026-07-09,any,octane,7.276
2026-07-09,any,alter,2.185
2026-07-09,any,mad-maggie,5.964
2026-07-09,any,gibraltar,2.117
2026-07-09,any,bangalore,5.315
2026-07-09,any,vantage,1.96
2026-07-09,any,horizon,1.559
2026-07-09,any,sparrow,2.256
2026-07-09,any,valkyrie,6.153
2026-07-09,any,conduit,3.864
2026-07-09,any,fuse,3.945
2026-07-09,any,caustic,2.508
2026-07-09,any,wraith,5.222
2026-07-09,any,crypto,0.673
2026-07-09,any,catalyst,0.574
2026-07-09,any,mirage,2.536
2026-07-09,any,bloodhound,1.371
2026-07-09,any,lifeline,4.023
2026-07-09,any,newcastle,0.995
2026-07-09,any,wattson,2.02
2026-07-09,any,rampart,0.9
2026-07-09,any,ash,2.912
2026-07-09,any,ballistic,2.229
2026-07-10,any,axle,11.391
2026-07-10,any,loba,1.335
2026-07-10,any,pathfinder,9.387
2026-07-10,any,seer,6.436
2026-07-10,any,revenant,2.282
2026-07-10,any,octane,7.225
2026-07-10,any,alter,2.465
2026-07-10,any,mad-maggie,6.129
2026-07-10,any,gibraltar,2.171
2026-07-10,any,bangalore,5.294
2026-07-10,any,vantage,1.949
2026-07-10,any,horizon,1.593
2026-07-10,any,sparrow,2.316
2026-07-10,any,valkyrie,6.139
2026-07-10,any,conduit,3.855
2026-07-10,any,fuse,3.997
2026-07-10,any,caustic,2.586
2026-07-10,any,wraith,5.275
2026-07-10,any,crypto,0.686
2026-07-10,any,catalyst,0.582
2026-07-10,any,mirage,2.503
2026-07-10,any,bloodhound,1.356
2026-07-10,any,lifeline,3.994
2026-07-10,any,newcastle,1.031
2026-07-10,any,wattson,2.117
2026-07-10,any,rampart,0.927
2026-07-10,any,ash,2.888
2026-07-10,any,ballistic,2.09
2026-07-11,any,axle,11.388
2026-07-11,any,loba,1.302
2026-07-11,any,pathfinder,9.231
2026-07-11,any,seer,6.158
2026-07-11,any,revenant,2.218
2026-07-11,any,octane,7.068
2026-07-11,any,alter,2.749
2026-07-11,any,mad-maggie,6.33
2026-07-11,any,gibraltar,2.242
2026-07-11,any,bangalore,5.344
2026-07-11,any,vantage,1.96
2026-07-11,any,horizon,1.598
2026-07-11,any,sparrow,2.375
2026-07-11,any,valkyrie,6.191
2026-07-11,any,conduit,3.82
2026-07-11,any,fuse,3.991
2026-07-11,any,caustic,2.655
2026-07-11,any,wraith,5.296
2026-07-11,any,crypto,0.702
2026-07-11,any,catalyst,0.578
2026-07-11,any,mirage,2.475
2026-07-11,any,bloodhound,1.359
2026-07-11,any,lifeline,3.949
2026-07-11,any,newcastle,1.057
2026-07-11,any,wattson,2.215
2026-07-11,any,rampart,0.949
2026-07-11,any,ash,2.849
2026-07-11,any,ballistic,1.951
2026-07-12,any,axle,11.156
2026-07-12,any,loba,1.355
2026-07-12,any,pathfinder,9.123
2026-07-12,any,seer,5.793
2026-07-12,any,revenant,2.201
2026-07-12,any,octane,6.97
2026-07-12,any,alter,2.854
2026-07-12,any,mad-maggie,6.22
2026-07-12,any,gibraltar,2.367
2026-07-12,any,bangalore,5.444
2026-07-12,any,vantage,2.025
2026-07-12,any,horizon,1.591
2026-07-12,any,sparrow,2.424
2026-07-12,any,valkyrie,6.175
2026-07-12,any,conduit,3.694
2026-07-12,any,fuse,4.238
2026-07-12,any,caustic,2.673
2026-07-12,any,wraith,5.439
2026-07-12,any,crypto,0.716
2026-07-12,any,catalyst,0.583
2026-07-12,any,mirage,2.428
2026-07-12,any,bloodhound,1.407
2026-07-12,any,lifeline,4.051
2026-07-12,any,newcastle,1.156
2026-07-12,any,wattson,2.269
2026-07-12,any,rampart,0.958
2026-07-12,any,ash,2.87
2026-07-12,any,ballistic,1.822
2026-07-13,any,axle,11.035
2026-07-13,any,loba,1.344
2026-07-13,any,pathfinder,9.085
2026-07-13,any,seer,5.609
2026-07-13,any,revenant,2.196
2026-07-13,any,octane,6.867
2026-07-13,any,alter,2.859
2026-07-13,any,mad-maggie,6.277
2026-07-13,any,gibraltar,2.43
2026-07-13,any,bangalore,5.52
2026-07-13,any,vantage,2.061
2026-07-13,any,horizon,1.537
2026-07-13,any,sparrow,2.537
2026-07-13,any,valkyrie,6.255
2026-07-13,any,conduit,3.667
2026-07-13,any,fuse,4.363
2026-07-13,any,caustic,2.68
2026-07-13,any,wraith,5.493
2026-07-13,any,crypto,0.742
2026-07-13,any,catalyst,0.605
2026-07-13,any,mirage,2.386
2026-07-13,any,bloodhound,1.398
2026-07-13,any,lifeline,4.027
2026-07-13,any,newcastle,1.209
2026-07-13,any,wattson,2.235
2026-07-13,any,rampart,0.963
2026-07-13,any,ash,2.846
2026-07-13,any,ballistic,1.773
2026-07-14,any,axle,10.921
2026-07-14,any,loba,1.359
2026-07-14,any,pathfinder,8.989
2026-07-14,any,seer,5.306
2026-07-14,any,revenant,2.197
2026-07-14,any,octane,6.857
2026-07-14,any,alter,2.989
2026-07-14,any,mad-maggie,6.451
2026-07-14,any,gibraltar,2.444
2026-07-14,any,bangalore,5.503
2026-07-14,any,vantage,2.044
2026-07-14,any,horizon,1.532
2026-07-14,any,sparrow,2.581
2026-07-14,any,valkyrie,6.233
2026-07-14,any,conduit,3.653
2026-07-14,any,fuse,4.464
2026-07-14,any,caustic,2.737
2026-07-14,any,wraith,5.598
2026-07-14,any,crypto,0.78
2026-07-14,any,catalyst,0.616
2026-07-14,any,mirage,2.369
2026-07-14,any,bloodhound,1.342
2026-07-14,any,lifeline,3.974
2026-07-14,any,newcastle,1.249
2026-07-14,any,wattson,2.254
2026-07-14,any,rampart,0.981
2026-07-14,any,ash,2.857
2026-07-14,any,ballistic,1.721
2026-07-15,any,axle,11.418
2026-07-15,any,loba,1.293
2026-07-15,any,pathfinder,9.087
2026-07-15,any,seer,5.225
2026-07-15,any,revenant,2.28
2026-07-15,any,octane,6.718
2026-07-15,any,alter,3.043
2026-07-15,any,mad-maggie,6.644
2026-07-15,any,gibraltar,2.424
2026-07-15,any,bangalore,5.504
2026-07-15,any,vantage,2.006
2026-07-15,any,horizon,1.472
2026-07-15,any,sparrow,2.594
2026-07-15,any,valkyrie,6.541
2026-07-15,any,conduit,3.737
2026-07-15,any,fuse,4.353
2026-07-15,any,caustic,2.703
2026-07-15,any,wraith,5.461
2026-07-15,any,crypto,0.787
2026-07-15,any,catalyst,0.612
2026-07-15,any,mirage,2.297
2026-07-15,any,bloodhound,1.245
2026-07-15,any,lifeline,3.704
2026-07-15,any,newcastle,1.217
2026-07-15,any,wattson,2.22
2026-07-15,any,rampart,1
2026-07-15,any,ash,2.79
2026-07-15,any,ballistic,1.624
2026-07-16,any,axle,12.108
2026-07-16,any,loba,1.332
2026-07-16,any,pathfinder,9.075
2026-07-16,any,seer,4.998
2026-07-16,any,revenant,2.316
2026-07-16,any,octane,6.645
2026-07-16,any,alter,2.948
2026-07-16,any,mad-maggie,6.62
2026-07-16,any,gibraltar,2.45
2026-07-16,any,bangalore,5.533
2026-07-16,any,vantage,1.945
2026-07-16,any,horizon,1.446
2026-07-16,any,sparrow,2.663
2026-07-16,any,valkyrie,6.631
2026-07-16,any,conduit,3.708
2026-07-16,any,fuse,4.142
2026-07-16,any,caustic,2.595
2026-07-16,any,wraith,5.496
2026-07-16,any,crypto,0.798
2026-07-16,any,catalyst,0.577
2026-07-16,any,mirage,2.266
2026-07-16,any,bloodhound,1.28
2026-07-16,any,lifeline,3.69
2026-07-16,any,newcastle,1.188
2026-07-16,any,wattson,2.266
2026-07-16,any,rampart,1.071
2026-07-16,any,ash,2.739
2026-07-16,any,ballistic,1.473
2026-07-17,any,axle,12.59
2026-07-17,any,loba,1.363
2026-07-17,any,pathfinder,9.101
2026-07-17,any,seer,4.836
2026-07-17,any,revenant,2.373
2026-07-17,any,octane,6.595
2026-07-17,any,alter,2.837
2026-07-17,any,mad-maggie,6.51
2026-07-17,any,gibraltar,2.449
2026-07-17,any,bangalore,5.507
2026-07-17,any,vantage,1.953
2026-07-17,any,horizon,1.455
2026-07-17,any,sparrow,2.716
2026-07-17,any,valkyrie,6.732
2026-07-17,any,conduit,3.659
2026-07-17,any,fuse,4.039
2026-07-17,any,caustic,2.477
2026-07-17,any,wraith,5.443
2026-07-17,any,crypto,0.802
2026-07-17,any,catalyst,0.562
2026-07-17,any,mirage,2.271
2026-07-17,any,bloodhound,1.318
2026-07-17,any,lifeline,3.71
2026-07-17,any,newcastle,1.124
2026-07-17,any,wattson,2.321
2026-07-17,any,rampart,1.117
2026-07-17,any,ash,2.758
2026-07-17,any,ballistic,1.383
2026-07-18,any,axle,12.708
2026-07-18,any,loba,1.371
2026-07-18,any,pathfinder,9.065
2026-07-18,any,seer,4.548
2026-07-18,any,revenant,2.259
2026-07-18,any,octane,6.516
2026-07-18,any,alter,2.862
2026-07-18,any,mad-maggie,6.539
2026-07-18,any,gibraltar,2.476
2026-07-18,any,bangalore,5.568
2026-07-18,any,vantage,1.913
2026-07-18,any,horizon,1.431
2026-07-18,any,sparrow,2.75
2026-07-18,any,valkyrie,6.717
2026-07-18,any,conduit,3.549
2026-07-18,any,fuse,4.003
2026-07-18,any,caustic,2.479
2026-07-18,any,wraith,5.562
2026-07-18,any,crypto,0.777
2026-07-18,any,catalyst,0.557
2026-07-18,any,mirage,2.281
2026-07-18,any,bloodhound,1.523
2026-07-18,any,lifeline,3.935
2026-07-18,any,newcastle,1.1
2026-07-18,any,wattson,2.369
2026-07-18,any,rampart,1.123
2026-07-18,any,ash,2.707
2026-07-18,any,ballistic,1.31
2026-07-19,any,axle,12.451
2026-07-19,any,loba,1.386
2026-07-19,any,pathfinder,8.896
2026-07-19,any,seer,4.41
2026-07-19,any,revenant,2.239
2026-07-19,any,octane,6.456
2026-07-19,any,alter,3.06
2026-07-19,any,mad-maggie,6.638
2026-07-19,any,gibraltar,2.47
2026-07-19,any,bangalore,5.508
2026-07-19,any,vantage,1.94
2026-07-19,any,horizon,1.41
2026-07-19,any,sparrow,2.729
2026-07-19,any,valkyrie,6.682
2026-07-19,any,conduit,3.581
2026-07-19,any,fuse,4.088
2026-07-19,any,caustic,2.566
2026-07-19,any,wraith,5.533
2026-07-19,any,crypto,0.781
2026-07-19,any,catalyst,0.579
2026-07-19,any,mirage,2.326
2026-07-19,any,bloodhound,1.574
2026-07-19,any,lifeline,4.061
2026-07-19,any,newcastle,1.119
2026-07-19,any,wattson,2.428
2026-07-19,any,rampart,1.094
2026-07-19,any,ash,2.716
2026-07-19,any,ballistic,1.279
2026-07-20,any,axle,12.251
2026-07-20,any,loba,1.376
2026-07-20,any,pathfinder,8.923
2026-07-20,any,seer,4.27
2026-07-20,any,revenant,2.211
2026-07-20,any,octane,6.37
2026-07-20,any,alter,3.07
2026-07-20,any,mad-maggie,6.782
2026-07-20,any,gibraltar,2.479
2026-07-20,any,bangalore,5.496
2026-07-20,any,vantage,1.943
2026-07-20,any,horizon,1.392
2026-07-20,any,sparrow,2.744
2026-07-20,any,valkyrie,6.736
2026-07-20,any,conduit,3.607
2026-07-20,any,fuse,4.179
2026-07-20,any,caustic,2.639
2026-07-20,any,wraith,5.477
2026-07-20,any,crypto,0.783
2026-07-20,any,catalyst,0.576
2026-07-20,any,mirage,2.341
2026-07-20,any,bloodhound,1.587
2026-07-20,any,lifeline,4.148
2026-07-20,any,newcastle,1.132
2026-07-20,any,wattson,2.421
2026-07-20,any,rampart,1.08
2026-07-20,any,ash,2.733
2026-07-20,any,ballistic,1.253
2026-07-21,any,axle,12.402
2026-07-21,any,loba,1.397
2026-07-21,any,pathfinder,8.815
2026-07-21,any,seer,4.192
2026-07-21,any,revenant,2.228
2026-07-21,any,octane,6.333
2026-07-21,any,alter,3.086
2026-07-21,any,mad-maggie,6.795
2026-07-21,any,gibraltar,2.513
2026-07-21,any,bangalore,5.519
2026-07-21,any,vantage,1.995
2026-07-21,any,horizon,1.432
2026-07-21,any,sparrow,2.821
2026-07-21,any,valkyrie,6.73
2026-07-21,any,conduit,3.683
2026-07-21,any,fuse,4.208
2026-07-21,any,caustic,2.64
2026-07-21,any,wraith,5.373
2026-07-21,any,crypto,0.795
2026-07-21,any,catalyst,0.578
2026-07-21,any,mirage,2.325
2026-07-21,any,bloodhound,1.443
2026-07-21,any,lifeline,4.023
2026-07-21,any,newcastle,1.136
2026-07-21,any,wattson,2.406
2026-07-21,any,rampart,1.108
2026-07-21,any,ash,2.766
2026-07-21,any,ballistic,1.256
2026-07-22,any,axle,12.575
2026-07-22,any,loba,1.371
2026-07-22,any,pathfinder,8.777
2026-07-22,any,seer,4.091
2026-07-22,any,revenant,2.252
2026-07-22,any,octane,6.371
2026-07-22,any,alter,3.156
2026-07-22,any,mad-maggie,6.948
2026-07-22,any,gibraltar,2.521
2026-07-22,any,bangalore,5.509
2026-07-22,any,vantage,2.067
2026-07-22,any,horizon,1.458
2026-07-22,any,sparrow,2.852
2026-07-22,any,valkyrie,6.791
2026-07-22,any,conduit,3.679
2026-07-22,any,fuse,4.187
2026-07-22,any,caustic,2.647
2026-07-22,any,wraith,5.245
2026-07-22,any,crypto,0.808
2026-07-22,any,catalyst,0.564
2026-07-22,any,mirage,2.339
2026-07-22,any,bloodhound,1.338
2026-07-22,any,lifeline,3.841
2026-07-22,any,newcastle,1.134
2026-07-22,any,wattson,2.416
2026-07-22,any,rampart,1.081
2026-07-22,any,ash,2.755
2026-07-22,any,ballistic,1.226
2026-07-23,any,axle,12.616
2026-07-23,any,loba,1.388
2026-07-23,any,pathfinder,8.589
2026-07-23,any,seer,4.069
2026-07-23,any,revenant,2.255
2026-07-23,any,octane,6.378
2026-07-23,any,alter,3.483
2026-07-23,any,mad-maggie,6.953
2026-07-23,any,gibraltar,2.486
2026-07-23,any,bangalore,5.471
2026-07-23,any,vantage,2.062
2026-07-23,any,horizon,1.497
2026-07-23,any,sparrow,2.873
2026-07-23,any,valkyrie,6.767
2026-07-23,any,conduit,3.67
2026-07-23,any,fuse,4.221
2026-07-23,any,caustic,2.708
2026-07-23,any,wraith,5.267
2026-07-23,any,crypto,0.823
2026-07-23,any,catalyst,0.571
2026-07-23,any,mirage,2.366
2026-07-23,any,bloodhound,1.267
2026-07-23,any,lifeline,3.716
2026-07-23,any,newcastle,1.123
2026-07-23,any,wattson,2.411
2026-07-23,any,rampart,1.062
2026-07-23,any,ash,2.724
2026-07-23,any,ballistic,1.184
2026-07-24,any,axle,12.677
2026-07-24,any,loba,1.396
2026-07-24,any,pathfinder,8.613
2026-07-24,any,seer,4.005
2026-07-24,any,revenant,2.29
2026-07-24,any,octane,6.344
2026-07-24,any,alter,3.555
2026-07-24,any,mad-maggie,7.047
2026-07-24,any,gibraltar,2.527
2026-07-24,any,bangalore,5.385
2026-07-24,any,vantage,2.07
2026-07-24,any,horizon,1.493
2026-07-24,any,sparrow,2.872
2026-07-24,any,valkyrie,6.834
2026-07-24,any,conduit,3.618
2026-07-24,any,fuse,4.34
2026-07-24,any,caustic,2.722
2026-07-24,any,wraith,5.23
2026-07-24,any,crypto,0.82
2026-07-24,any,catalyst,0.555
2026-07-24,any,mirage,2.363
2026-07-24,any,bloodhound,1.213
2026-07-24,any,lifeline,3.67
2026-07-24,any,newcastle,1.138
2026-07-24,any,wattson,2.384
2026-07-24,any,rampart,1.032
2026-07-24,any,ash,2.67
2026-07-24,any,ballistic,1.137
2026-07-25,any,axle,12.555
2026-07-25,any,loba,1.387
2026-07-25,any,pathfinder,8.572
2026-07-25,any,seer,3.89
2026-07-25,any,revenant,2.263
2026-07-25,any,octane,6.331
2026-07-25,any,alter,3.655
2026-07-25,any,mad-maggie,7.086
2026-07-25,any,gibraltar,2.55
2026-07-25,any,bangalore,5.377
2026-07-25,any,vantage,2.043
2026-07-25,any,horizon,1.481
2026-07-25,any,sparrow,2.865
2026-07-25,any,valkyrie,6.81
2026-07-25,any,conduit,3.622
2026-07-25,any,fuse,4.435
2026-07-25,any,caustic,2.727
2026-07-25,any,wraith,5.298
2026-07-25,any,crypto,0.813
2026-07-25,any,catalyst,0.569
2026-07-25,any,mirage,2.366
2026-07-25,any,bloodhound,1.272
2026-07-25,any,lifeline,3.741
2026-07-25,any,newcastle,1.14
2026-07-25,any,wattson,2.337
2026-07-25,any,rampart,1.032
2026-07-25,any,ash,2.672
2026-07-25,any,ballistic,1.11
2026-07-26,any,axle,12.508
2026-07-26,any,loba,1.361
2026-07-26,any,pathfinder,8.645
2026-07-26,any,seer,3.757
2026-07-26,any,revenant,2.242
2026-07-26,any,octane,6.316
2026-07-26,any,alter,3.502
2026-07-26,any,mad-maggie,7.091
2026-07-26,any,gibraltar,2.624
2026-07-26,any,bangalore,5.445
2026-07-26,any,vantage,2.062
2026-07-26,any,horizon,1.438
2026-07-26,any,sparrow,2.893
2026-07-26,any,valkyrie,6.842
2026-07-26,any,conduit,3.635
2026-07-26,any,fuse,4.57
2026-07-26,any,caustic,2.735
2026-07-26,any,wraith,5.235
2026-07-26,any,crypto,0.803
2026-07-26,any,catalyst,0.563
2026-07-26,any,mirage,2.373
2026-07-26,any,bloodhound,1.316
2026-07-26,any,lifeline,3.87
2026-07-26,any,newcastle,1.141
2026-07-26,any,wattson,2.258
2026-07-26,any,rampart,1.012
2026-07-26,any,ash,2.667
2026-07-26,any,ballistic,1.093
2026-07-27,any,axle,12.582
2026-07-27,any,loba,1.348
2026-07-27,any,pathfinder,8.662
2026-07-27,any,seer,3.713
2026-07-27,any,revenant,2.231
2026-07-27,any,octane,6.279
2026-07-27,any,alter,3.38
2026-07-27,any,mad-maggie,7.096
2026-07-27,any,gibraltar,2.671
2026-07-27,any,bangalore,5.426
2026-07-27,any,vantage,2.091
2026-07-27,any,horizon,1.413
2026-07-27,any,sparrow,2.891
2026-07-27,any,valkyrie,6.848
2026-07-27,any,conduit,3.647
2026-07-27,any,fuse,4.562
2026-07-27,any,caustic,2.74
2026-07-27,any,wraith,5.183
2026-07-27,any,crypto,0.805
2026-07-27,any,catalyst,0.607
2026-07-27,any,mirage,2.394
2026-07-27,any,bloodhound,1.392
2026-07-27,any,lifeline,3.915
2026-07-27,any,newcastle,1.135
2026-07-27,any,wattson,2.224
2026-07-27,any,rampart,1.012
2026-07-27,any,ash,2.659
2026-07-27,any,ballistic,1.094
2026-07-28,any,axle,12.457
2026-07-28,any,loba,1.319
2026-07-28,any,pathfinder,8.621
2026-07-28,any,seer,3.692
2026-07-28,any,revenant,2.22
2026-07-28,any,octane,6.324
2026-07-28,any,alter,3.471
2026-07-28,any,mad-maggie,7.255
2026-07-28,any,gibraltar,2.663
2026-07-28,any,bangalore,5.425
2026-07-28,any,vantage,2.049
2026-07-28,any,horizon,1.415
2026-07-28,any,sparrow,2.88
2026-07-28,any,valkyrie,6.738
2026-07-28,any,conduit,3.625
2026-07-28,any,fuse,4.538
2026-07-28,any,caustic,2.737
2026-07-28,any,wraith,5.202
2026-07-28,any,crypto,0.833
2026-07-28,any,catalyst,0.643
2026-07-28,any,mirage,2.402
2026-07-28,any,bloodhound,1.396
2026-07-28,any,lifeline,3.933
2026-07-28,any,newcastle,1.169
2026-07-28,any,wattson,2.268
2026-07-28,any,rampart,1.005
2026-07-28,any,ash,2.636
2026-07-28,any,ballistic,1.083
2026-07-29,any,axle,12.655
2026-07-29,any,loba,1.326
2026-07-29,any,pathfinder,8.569
2026-07-29,any,seer,3.658
2026-07-29,any,revenant,2.259
2026-07-29,any,octane,6.37
2026-07-29,any,alter,3.524
2026-07-29,any,mad-maggie,7.354
2026-07-29,any,gibraltar,2.591
2026-07-29,any,bangalore,5.424
2026-07-29,any,vantage,2.048
2026-07-29,any,horizon,1.431
2026-07-29,any,sparrow,2.873
2026-07-29,any,valkyrie,6.692
2026-07-29,any,conduit,3.612
2026-07-29,any,fuse,4.479
2026-07-29,any,caustic,2.708
2026-07-29,any,wraith,5.181
2026-07-29,any,crypto,0.821
2026-07-29,any,catalyst,0.677
2026-07-29,any,mirage,2.425
2026-07-29,any,bloodhound,1.373
2026-07-29,any,lifeline,3.782
2026-07-29,any,newcastle,1.177
2026-07-29,any,wattson,2.299
2026-07-29,any,rampart,1.023
2026-07-29,any,ash,2.618
2026-07-29,any,ballistic,1.05
2026-07-30,any,axle,12.443
2026-07-30,any,loba,1.364
2026-07-30,any,pathfinder,8.428
2026-07-30,any,seer,3.613
2026-07-30,any,revenant,2.266
2026-07-30,any,octane,6.444
2026-07-30,any,alter,3.495
2026-07-30,any,mad-maggie,7.318
2026-07-30,any,gibraltar,2.551
2026-07-30,any,bangalore,5.44
2026-07-30,any,vantage,2.016
2026-07-30,any,horizon,1.469
2026-07-30,any,sparrow,2.913
2026-07-30,any,valkyrie,6.57
2026-07-30,any,conduit,3.588
2026-07-30,any,fuse,4.53
2026-07-30,any,caustic,2.769
2026-07-30,any,wraith,5.277
2026-07-30,any,crypto,0.829
2026-07-30,any,catalyst,0.679
2026-07-30,any,mirage,2.469
2026-07-30,any,bloodhound,1.463
2026-07-30,any,lifeline,3.84
2026-07-30,any,newcastle,1.184
2026-07-30,any,wattson,2.308
2026-07-30,any,rampart,1.061
2026-07-30,any,ash,2.675
2026-07-30,any,ballistic,0.997
2026-07-31,any,axle,12.547
2026-07-31,any,loba,1.392
2026-07-31,any,pathfinder,8.295
2026-07-31,any,seer,3.586
2026-07-31,any,revenant,2.263
2026-07-31,any,octane,6.435
2026-07-31,any,alter,3.334
2026-07-31,any,mad-maggie,7.333
2026-07-31,any,gibraltar,2.613
2026-07-31,any,bangalore,5.473
2026-07-31,any,vantage,2.058
2026-07-31,any,horizon,1.466
2026-07-31,any,sparrow,2.957
2026-07-31,any,valkyrie,6.618
2026-07-31,any,conduit,3.512
2026-07-31,any,fuse,4.593
2026-07-31,any,caustic,2.83
2026-07-31,any,wraith,5.214
2026-07-31,any,crypto,0.802
2026-07-31,any,catalyst,0.681
2026-07-31,any,mirage,2.497
2026-07-31,any,bloodhound,1.516
2026-07-31,any,lifeline,3.789
2026-07-31,any,newcastle,1.184
2026-07-31,any,wattson,2.31
2026-07-31,any,rampart,1.068
2026-07-31,any,ash,2.674
2026-07-31,any,ballistic,0.959
2026-08-01,any,axle,12.29
2026-08-01,any,loba,1.457
2026-08-01,any,pathfinder,8.281
2026-08-01,any,seer,3.588
2026-08-01,any,revenant,2.252
2026-08-01,any,octane,6.499
2026-08-01,any,alter,3.295
2026-08-01,any,mad-maggie,7.304
2026-08-01,any,gibraltar,2.625
2026-08-01,any,bangalore,5.496
2026-08-01,any,vantage,2.059
2026-08-01,any,horizon,1.464
2026-08-01,any,sparrow,3
2026-08-01,any,valkyrie,6.425
2026-08-01,any,conduit,3.482
2026-08-01,any,fuse,4.61
2026-08-01,any,caustic,2.858
2026-08-01,any,wraith,5.295
2026-08-01,any,crypto,0.808
2026-08-01,any,catalyst,0.674
2026-08-01,any,mirage,2.532
2026-08-01,any,bloodhound,1.613
2026-08-01,any,lifeline,3.869
2026-08-01,any,newcastle,1.204
2026-08-01,any,wattson,2.324
2026-08-01,any,rampart,1.072
2026-08-01,any,ash,2.665
2026-08-01,any,ballistic,0.962
2026-08-02,any,axle,12.102
2026-08-02,any,loba,1.516
2026-08-02,any,pathfinder,8.332
2026-08-02,any,seer,3.59
2026-08-02,any,revenant,2.23
2026-08-02,any,octane,6.491
2026-08-02,any,alter,3.407
2026-08-02,any,mad-maggie,7.438
2026-08-02,any,gibraltar,2.683
2026-08-02,any,bangalore,5.455
2026-08-02,any,vantage,1.995
2026-08-02,any,horizon,1.444
2026-08-02,any,sparrow,3.015
2026-08-02,any,valkyrie,6.263
2026-08-02,any,conduit,3.475
2026-08-02,any,fuse,4.762
2026-08-02,any,caustic,2.932
2026-08-02,any,wraith,5.172
2026-08-02,any,crypto,0.809
2026-08-02,any,catalyst,0.675
2026-08-02,any,mirage,2.542
2026-08-02,any,bloodhound,1.604
2026-08-02,any,lifeline,3.858
2026-08-02,any,newcastle,1.209
2026-08-02,any,wattson,2.317
2026-08-02,any,rampart,1.083
2026-08-02,any,ash,2.646
2026-08-02,any,ballistic,0.954
2026-08-03,any,axle,11.827
2026-08-03,any,loba,1.589
2026-08-03,any,pathfinder,8.437
2026-08-03,any,seer,3.557
2026-08-03,any,revenant,2.25
2026-08-03,any,octane,6.5
2026-08-03,any,alter,3.344
2026-08-03,any,mad-maggie,7.431
2026-08-03,any,gibraltar,2.715
2026-08-03,any,bangalore,5.415
2026-08-03,any,vantage,1.987
2026-08-03,any,horizon,1.403
2026-08-03,any,sparrow,3.031
2026-08-03,any,valkyrie,6.163
2026-08-03,any,conduit,3.445
2026-08-03,any,fuse,4.833
2026-08-03,any,caustic,2.933
2026-08-03,any,wraith,5.215
2026-08-03,any,crypto,0.797
2026-08-03,any,catalyst,0.671
2026-08-03,any,mirage,2.566
2026-08-03,any,bloodhound,1.654
2026-08-03,any,lifeline,4.041
2026-08-03,any,newcastle,1.209
2026-08-03,any,wattson,2.314
2026-08-03,any,rampart,1.09
2026-08-03,any,ash,2.632
2026-08-03,any,ballistic,0.95
2026-08-04,any,axle,11.787
2026-08-04,any,loba,1.611
2026-08-04,any,pathfinder,8.456
2026-08-04,any,seer,3.48
2026-08-04,any,revenant,2.23
2026-08-04,any,octane,6.502
2026-08-04,any,alter,3.247
2026-08-04,any,mad-maggie,7.47
2026-08-04,any,gibraltar,2.751
2026-08-04,any,bangalore,5.38
2026-08-04,any,vantage,2.023
2026-08-04,any,horizon,1.44
2026-08-04,any,sparrow,3.016
2026-08-04,any,valkyrie,6.21
2026-08-04,any,conduit,3.438
2026-08-04,any,fuse,5.01
2026-08-04,any,caustic,2.895
2026-08-04,any,wraith,5.224
2026-08-04,any,crypto,0.781
2026-08-04,any,catalyst,0.677
2026-08-04,any,mirage,2.549
2026-08-04,any,bloodhound,1.661
2026-08-04,any,lifeline,4.018
2026-08-04,any,newcastle,1.214
2026-08-04,any,wattson,2.273
2026-08-04,any,rampart,1.073
2026-08-04,any,ash,2.655
2026-08-04,any,ballistic,0.928
2026-08-05,any,axle,13.351
2026-08-05,any,loba,6.849
2026-08-05,any,pathfinder,6.536
2026-08-05,any,seer,2.413
2026-08-05,any,revenant,3.021
2026-08-05,any,octane,6.641
2026-08-05,any,alter,2.734
2026-08-05,any,mad-maggie,5.339
2026-08-05,any,gibraltar,2.431
2026-08-05,any,bangalore,4.401
2026-08-05,any,vantage,1.571
2026-08-05,any,horizon,3.377
2026-08-05,any,sparrow,2.188
2026-08-05,any,valkyrie,3.446
2026-08-05,any,conduit,2.795
2026-08-05,any,fuse,2.995
2026-08-05,any,caustic,1.563
2026-08-05,any,wraith,5.538
2026-08-05,any,crypto,0.634
2026-08-05,any,catalyst,0.59
2026-08-05,any,mirage,1.814
2026-08-05,any,bloodhound,8.958
2026-08-05,any,lifeline,3.29
2026-08-05,any,newcastle,0.851
2026-08-05,any,wattson,1.892
2026-08-05,any,rampart,1.415
2026-08-05,any,ash,2.569
2026-08-05,any,ballistic,0.799
2026-08-06,any,axle,9.792
2026-08-06,any,loba,9.541
2026-08-06,any,pathfinder,8.278
2026-08-06,any,seer,2.179
2026-08-06,any,revenant,1.94
2026-08-06,any,octane,5.702
2026-08-06,any,alter,2.154
2026-08-06,any,mad-maggie,6.574
2026-08-06,any,gibraltar,2.722
2026-08-06,any,bangalore,4.814
2026-08-06,any,vantage,1.409
2026-08-06,any,horizon,1.632
2026-08-06,any,sparrow,1.822
2026-08-06,any,valkyrie,2.732
2026-08-06,any,conduit,2.315
2026-08-06,any,fuse,3.99
2026-08-06,any,caustic,1.896
2026-08-06,any,wraith,5.152
2026-08-06,any,crypto,0.509
2026-08-06,any,catalyst,0.528
2026-08-06,any,mirage,1.923
2026-08-06,any,bloodhound,11.27
2026-08-06,any,lifeline,3.239
2026-08-06,any,newcastle,0.744
2026-08-06,any,wattson,1.725
2026-08-06,any,rampart,2.181
2026-08-06,any,ash,2.198
2026-08-06,any,ballistic,1.038
2026-08-07,any,axle,9.342
2026-08-07,any,loba,9.308
2026-08-07,any,pathfinder,8.21
2026-08-07,any,seer,2.198
2026-08-07,any,revenant,1.936
2026-08-07,any,octane,5.842
2026-08-07,any,alter,2.536
2026-08-07,any,mad-maggie,6.67
2026-08-07,any,gibraltar,2.673
2026-08-07,any,bangalore,4.807
2026-08-07,any,vantage,1.462
2026-08-07,any,horizon,1.506
2026-08-07,any,sparrow,1.97
2026-08-07,any,valkyrie,2.903
2026-08-07,any,conduit,2.349
2026-08-07,any,fuse,4.251
2026-08-07,any,caustic,2.136
2026-08-07,any,wraith,5.21
2026-08-07,any,crypto,0.515
2026-08-07,any,catalyst,0.574
2026-08-07,any,mirage,1.98
2026-08-07,any,bloodhound,10.224
2026-08-07,any,lifeline,3.284
2026-08-07,any,newcastle,0.79
2026-08-07,any,wattson,1.843
2026-08-07,any,rampart,2.142
2026-08-07,any,ash,2.314
2026-08-07,any,ballistic,1.025
2026-08-08,any,axle,9.222
2026-08-08,any,loba,9.417
2026-08-08,any,pathfinder,8.362
2026-08-08,any,seer,2.29
2026-08-08,any,revenant,1.879
2026-08-08,any,octane,5.762
2026-08-08,any,alter,2.501
2026-08-08,any,mad-maggie,6.66
2026-08-08,any,gibraltar,2.713
2026-08-08,any,bangalore,4.866
2026-08-08,any,vantage,1.518
2026-08-08,any,horizon,1.428
2026-08-08,any,sparrow,2.053
2026-08-08,any,valkyrie,2.96
2026-08-08,any,conduit,2.34
2026-08-08,any,fuse,4.443
2026-08-08,any,caustic,2.215
2026-08-08,any,wraith,5.244
2026-08-08,any,crypto,0.529
2026-08-08,any,catalyst,0.578
2026-08-08,any,mirage,1.967
2026-08-08,any,bloodhound,9.579
2026-08-08,any,lifeline,3.362
2026-08-08,any,newcastle,0.817
2026-08-08,any,wattson,1.845
2026-08-08,any,rampart,2.123
2026-08-08,any,ash,2.327
2026-08-08,any,ballistic,1
2026-08-09,any,axle,9.249
2026-08-09,any,loba,9.64
2026-08-09,any,pathfinder,8.489
2026-08-09,any,seer,2.492
2026-08-09,any,revenant,1.869
2026-08-09,any,octane,5.711
2026-08-09,any,alter,2.622
2026-08-09,any,mad-maggie,6.708
2026-08-09,any,gibraltar,2.687
2026-08-09,any,bangalore,4.881
2026-08-09,any,vantage,1.598
2026-08-09,any,horizon,1.384
2026-08-09,any,sparrow,2.22
2026-08-09,any,valkyrie,3.083
2026-08-09,any,conduit,2.38
2026-08-09,any,fuse,4.635
2026-08-09,any,caustic,2.357
2026-08-09,any,wraith,5.255
2026-08-09,any,crypto,0.574
2026-08-09,any,catalyst,0.579
2026-08-09,any,mirage,1.964
2026-08-09,any,bloodhound,8.044
2026-08-09,any,lifeline,3.386
2026-08-09,any,newcastle,0.9
2026-08-09,any,wattson,1.918
2026-08-09,any,rampart,2.04
2026-08-09,any,ash,2.351
2026-08-09,any,ballistic,0.985
2026-08-10,any,axle,9.284
2026-08-10,any,loba,10.146
2026-08-10,any,pathfinder,8.603
2026-08-10,any,seer,2.632
2026-08-10,any,revenant,1.822
2026-08-10,any,octane,5.585
2026-08-10,any,alter,2.354
2026-08-10,any,mad-maggie,6.694
2026-08-10,any,gibraltar,2.755
2026-08-10,any,bangalore,4.942
2026-08-10,any,vantage,1.695
2026-08-10,any,horizon,1.329
2026-08-10,any,sparrow,2.293
2026-08-10,any,valkyrie,3.102
2026-08-10,any,conduit,2.35
2026-08-10,any,fuse,4.885
2026-08-10,any,caustic,2.383
2026-08-10,any,wraith,5.308
2026-08-10,any,crypto,0.581
2026-08-10,any,catalyst,0.61
2026-08-10,any,mirage,1.946
2026-08-10,any,bloodhound,7.114
2026-08-10,any,lifeline,3.52
2026-08-10,any,newcastle,0.911
2026-08-10,any,wattson,1.92
2026-08-10,any,rampart,1.979
2026-08-10,any,ash,2.313
2026-08-10,any,ballistic,0.945
2026-08-11,any,axle,9.397
2026-08-11,any,loba,10.307
2026-08-11,any,pathfinder,8.621
2026-08-11,any,seer,2.8
2026-08-11,any,revenant,1.828
2026-08-11,any,octane,5.666
2026-08-11,any,alter,2.22
2026-08-11,any,mad-maggie,6.639
2026-08-11,any,gibraltar,2.782
2026-08-11,any,bangalore,4.87
2026-08-11,any,vantage,1.77
2026-08-11,any,horizon,1.329
2026-08-11,any,sparrow,2.343
2026-08-11,any,valkyrie,3.201
2026-08-11,any,conduit,2.352
2026-08-11,any,fuse,5.047
2026-08-11,any,caustic,2.413
2026-08-11,any,wraith,5.291
2026-08-11,any,crypto,0.592
2026-08-11,any,catalyst,0.628
2026-08-11,any,mirage,1.927
2026-08-11,any,bloodhound,6.319
2026-08-11,any,lifeline,3.497
2026-08-11,any,newcastle,0.925
2026-08-11,any,wattson,1.986
2026-08-11,any,rampart,1.958
2026-08-11,any,ash,2.358
2026-08-11,any,ballistic,0.935
2026-08-12,any,axle,9.581
2026-08-12,any,loba,10.298
2026-08-12,any,pathfinder,8.674
2026-08-12,any,seer,2.863
2026-08-12,any,revenant,1.835
2026-08-12,any,octane,5.748
2026-08-12,any,alter,2.333
2026-08-12,any,mad-maggie,6.628
2026-08-12,any,gibraltar,2.735
2026-08-12,any,bangalore,4.782
2026-08-12,any,vantage,1.82
2026-08-12,any,horizon,1.348
2026-08-12,any,sparrow,2.414
2026-08-12,any,valkyrie,3.257
2026-08-12,any,conduit,2.307
2026-08-12,any,fuse,5.123
2026-08-12,any,caustic,2.471
2026-08-12,any,wraith,5.271
2026-08-12,any,crypto,0.598
2026-08-12,any,catalyst,0.648
2026-08-12,any,mirage,1.93
2026-08-12,any,bloodhound,5.62
2026-08-12,any,lifeline,3.504
2026-08-12,any,newcastle,0.932
2026-08-12,any,wattson,2.082
2026-08-12,any,rampart,1.916
2026-08-12,any,ash,2.39
2026-08-12,any,ballistic,0.892
2026-08-13,any,axle,9.877
2026-08-13,any,loba,10.18
2026-08-13,any,pathfinder,8.888
2026-08-13,any,seer,2.936
2026-08-13,any,revenant,1.854
2026-08-13,any,octane,5.819
2026-08-13,any,alter,2.458
2026-08-13,any,mad-maggie,6.629
2026-08-13,any,gibraltar,2.714
2026-08-13,any,bangalore,4.671
2026-08-13,any,vantage,1.905
2026-08-13,any,horizon,1.361
2026-08-13,any,sparrow,2.523
2026-08-13,any,valkyrie,3.332
2026-08-13,any,conduit,2.29
2026-08-13,any,fuse,5.213
2026-08-13,any,caustic,2.542
2026-08-13,any,wraith,5.181
2026-08-13,any,crypto,0.611
2026-08-13,any,catalyst,0.641
2026-08-13,any,mirage,1.885
2026-08-13,any,bloodhound,4.853
2026-08-13,any,lifeline,3.35
2026-08-13,any,newcastle,0.963
2026-08-13,any,wattson,2.105
2026-08-13,any,rampart,1.917
2026-08-13,any,ash,2.435
2026-08-13,any,ballistic,0.866
2026-08-14,any,axle,9.993
2026-08-14,any,loba,10.075
2026-08-14,any,pathfinder,8.953
2026-08-14,any,seer,2.953
2026-08-14,any,revenant,1.851
2026-08-14,any,octane,5.725
2026-08-14,any,alter,2.667
2026-08-14,any,mad-maggie,6.652
2026-08-14,any,gibraltar,2.71
2026-08-14,any,bangalore,4.636
2026-08-14,any,vantage,1.942
2026-08-14,any,horizon,1.322
2026-08-14,any,sparrow,2.616
2026-08-14,any,valkyrie,3.294
2026-08-14,any,conduit,2.289
2026-08-14,any,fuse,5.379
2026-08-14,any,caustic,2.663
2026-08-14,any,wraith,5.091
2026-08-14,any,crypto,0.64
2026-08-14,any,catalyst,0.664
2026-08-14,any,mirage,1.9
2026-08-14,any,bloodhound,4.397
2026-08-14,any,lifeline,3.309
2026-08-14,any,newcastle,0.991
2026-08-14,any,wattson,2.121
2026-08-14,any,rampart,1.884
2026-08-14,any,ash,2.413
2026-08-14,any,ballistic,0.871
2026-08-15,any,axle,10.087
2026-08-15,any,loba,10.197
2026-08-15,any,pathfinder,9.033
2026-08-15,any,seer,3.062
2026-08-15,any,revenant,1.805
2026-08-15,any,octane,5.548
2026-08-15,any,alter,2.803
2026-08-15,any,mad-maggie,6.787
2026-08-15,any,gibraltar,2.723
2026-08-15,any,bangalore,4.625
2026-08-15,any,vantage,1.954
2026-08-15,any,horizon,1.22
2026-08-15,any,sparrow,2.654
2026-08-15,any,valkyrie,3.241
2026-08-15,any,conduit,2.231
2026-08-15,any,fuse,5.566
2026-08-15,any,caustic,2.794
2026-08-15,any,wraith,5.05
2026-08-15,any,crypto,0.637
2026-08-15,any,catalyst,0.641
2026-08-15,any,mirage,1.801
2026-08-15,any,bloodhound,4.143
2026-08-15,any,lifeline,3.271
2026-08-15,any,newcastle,0.99
2026-08-15,any,wattson,2.08
2026-08-15,any,rampart,1.884
2026-08-15,any,ash,2.341
2026-08-15,any,ballistic,0.831
2026-08-16,any,axle,10.189
2026-08-16,any,loba,10.011
2026-08-16,any,pathfinder,9.036
2026-08-16,any,seer,3.107
2026-08-16,any,revenant,1.808
2026-08-16,any,octane,5.507
2026-08-16,any,alter,2.935
2026-08-16,any,mad-maggie,6.791
2026-08-16,any,gibraltar,2.657
2026-08-16,any,bangalore,4.608
2026-08-16,any,vantage,1.937
2026-08-16,any,horizon,1.257
2026-08-16,any,sparrow,2.698
2026-08-16,any,valkyrie,3.244
2026-08-16,any,conduit,2.228
2026-08-16,any,fuse,5.659
2026-08-16,any,caustic,2.885
2026-08-16,any,wraith,5.043
2026-08-16,any,crypto,0.656
2026-08-16,any,catalyst,0.663
2026-08-16,any,mirage,1.81
2026-08-16,any,bloodhound,3.911
2026-08-16,any,lifeline,3.287
2026-08-16,any,newcastle,0.984
2026-08-16,any,wattson,2.117
2026-08-16,any,rampart,1.793
2026-08-16,any,ash,2.337
2026-08-16,any,ballistic,0.84
2026-08-17,any,axle,10.332
2026-08-17,any,loba,9.915
2026-08-17,any,pathfinder,9.047
2026-08-17,any,seer,3.095
2026-08-17,any,revenant,1.8
2026-08-17,any,octane,5.512
2026-08-17,any,alter,2.818
2026-08-17,any,mad-maggie,6.79
2026-08-17,any,gibraltar,2.656
2026-08-17,any,bangalore,4.614
2026-08-17,any,vantage,1.975
2026-08-17,any,horizon,1.251
2026-08-17,any,sparrow,2.738
2026-08-17,any,valkyrie,3.272
2026-08-17,any,conduit,2.197
2026-08-17,any,fuse,5.7
2026-08-17,any,caustic,2.938
2026-08-17,any,wraith,5.071
2026-08-17,any,crypto,0.647
2026-08-17,any,catalyst,0.657
2026-08-17,any,mirage,1.825
2026-08-17,any,bloodhound,3.787
2026-08-17,any,lifeline,3.395
2026-08-17,any,newcastle,0.972
2026-08-17,any,wattson,2.111
2026-08-17,any,rampart,1.755
2026-08-17,any,ash,2.314
2026-08-17,any,ballistic,0.816
2026-08-18,any,axle,10.51
2026-08-18,any,loba,9.893
2026-08-18,any,pathfinder,9.165
2026-08-18,any,seer,3.07
2026-08-18,any,revenant,1.801
2026-08-18,any,octane,5.559
2026-08-18,any,alter,2.648
2026-08-18,any,mad-maggie,6.702
2026-08-18,any,gibraltar,2.622
2026-08-18,any,bangalore,4.609
2026-08-18,any,vantage,2.02
2026-08-18,any,horizon,1.253
2026-08-18,any,sparrow,2.78
2026-08-18,any,valkyrie,3.262
2026-08-18,any,conduit,2.199
2026-08-18,any,fuse,5.76
2026-08-18,any,caustic,2.912
2026-08-18,any,wraith,5.073
2026-08-18,any,crypto,0.667
2026-08-18,any,catalyst,0.661
2026-08-18,any,mirage,1.861
2026-08-18,any,bloodhound,3.612
2026-08-18,any,lifeline,3.445
2026-08-18,any,newcastle,0.99
2026-08-18,any,wattson,2.093
2026-08-18,any,rampart,1.706
2026-08-18,any,ash,2.318
2026-08-18,any,ballistic,0.809
2026-08-19,any,axle,10.562
2026-08-19,any,loba,9.807
2026-08-19,any,pathfinder,9.158
2026-08-19,any,seer,3.128
2026-08-19,any,revenant,1.798
2026-08-19,any,octane,5.512
2026-08-19,any,alter,2.621
2026-08-19,any,mad-maggie,6.616
2026-08-19,any,gibraltar,2.641
2026-08-19,any,bangalore,4.664
2026-08-19,any,vantage,2.035
2026-08-19,any,horizon,1.242
2026-08-19,any,sparrow,2.786
2026-08-19,any,valkyrie,3.214
2026-08-19,any,conduit,2.188
2026-08-19,any,fuse,5.672
2026-08-19,any,caustic,2.874
2026-08-19,any,wraith,5.295
2026-08-19,any,crypto,0.656
2026-08-19,any,catalyst,0.649
2026-08-19,any,mirage,1.884
2026-08-19,any,bloodhound,3.511
2026-08-19,any,lifeline,3.601
2026-08-19,any,newcastle,1
2026-08-19,any,wattson,2.132
2026-08-19,any,rampart,1.671
2026-08-19,any,ash,2.323
2026-08-19,any,ballistic,0.762
2026-08-20,any,axle,10.6
2026-08-20,any,loba,9.562
2026-08-20,any,pathfinder,8.997
2026-08-20,any,seer,3.238
2026-08-20,any,revenant,1.82
2026-08-20,any,octane,5.551
2026-08-20,any,alter,2.83
2026-08-20,any,mad-maggie,6.618
2026-08-20,any,gibraltar,2.668
2026-08-20,any,bangalore,4.598
2026-08-20,any,vantage,1.953
2026-08-20,any,horizon,1.29
2026-08-20,any,sparrow,2.739
2026-08-20,any,valkyrie,3.206
2026-08-20,any,conduit,2.254
2026-08-20,any,fuse,5.59
2026-08-20,any,caustic,2.935
2026-08-20,any,wraith,5.435
2026-08-20,any,crypto,0.666
2026-08-20,any,catalyst,0.649
2026-08-20,any,mirage,1.915
2026-08-20,any,bloodhound,3.34
2026-08-20,any,lifeline,3.73
2026-08-20,any,newcastle,0.994
2026-08-20,any,wattson,2.163
2026-08-20,any,rampart,1.615
2026-08-20,any,ash,2.316
2026-08-20,any,ballistic,0.729
2026-08-21,any,axle,10.628
2026-08-21,any,loba,9.39
2026-08-21,any,pathfinder,8.778
2026-08-21,any,seer,3.407
2026-08-21,any,revenant,1.833
2026-08-21,any,octane,5.577
2026-08-21,any,alter,2.955
2026-08-21,any,mad-maggie,6.644
2026-08-21,any,gibraltar,2.699
2026-08-21,any,bangalore,4.601
2026-08-21,any,vantage,1.946
2026-08-21,any,horizon,1.369
2026-08-21,any,sparrow,2.721
2026-08-21,any,valkyrie,3.286
2026-08-21,any,conduit,2.287
2026-08-21,any,fuse,5.525
2026-08-21,any,caustic,2.946
2026-08-21,any,wraith,5.428
2026-08-21,any,crypto,0.672
2026-08-21,any,catalyst,0.677
2026-08-21,any,mirage,1.954
2026-08-21,any,bloodhound,3.154
2026-08-21,any,lifeline,3.654
2026-08-21,any,newcastle,1
2026-08-21,any,wattson,2.184
2026-08-21,any,rampart,1.621
2026-08-21,any,ash,2.333
2026-08-21,any,ballistic,0.732
2026-08-22,any,axle,10.787
2026-08-22,any,loba,9.339
2026-08-22,any,pathfinder,8.86
2026-08-22,any,seer,3.484
2026-08-22,any,revenant,1.838
2026-08-22,any,octane,5.646
2026-08-22,any,alter,2.827
2026-08-22,any,mad-maggie,6.779
2026-08-22,any,gibraltar,2.761
2026-08-22,any,bangalore,4.561
2026-08-22,any,vantage,1.966
2026-08-22,any,horizon,1.359
2026-08-22,any,sparrow,2.727
2026-08-22,any,valkyrie,3.377
2026-08-22,any,conduit,2.299
2026-08-22,any,fuse,5.604
2026-08-22,any,caustic,2.957
2026-08-22,any,wraith,5.234
2026-08-22,any,crypto,0.688
2026-08-22,any,catalyst,0.684
2026-08-22,any,mirage,1.953
2026-08-22,any,bloodhound,2.961
2026-08-22,any,lifeline,3.548
2026-08-22,any,newcastle,0.946
2026-08-22,any,wattson,2.159
2026-08-22,any,rampart,1.587
2026-08-22,any,ash,2.331
2026-08-22,any,ballistic,0.736
2026-08-23,any,axle,10.752
2026-08-23,any,loba,9.376
2026-08-23,any,pathfinder,9.091
2026-08-23,any,seer,3.469
2026-08-23,any,revenant,1.837
2026-08-23,any,octane,5.639
2026-08-23,any,alter,2.825
2026-08-23,any,mad-maggie,6.854
2026-08-23,any,gibraltar,2.805
2026-08-23,any,bangalore,4.52
2026-08-23,any,vantage,2.027
2026-08-23,any,horizon,1.322
2026-08-23,any,sparrow,2.784
2026-08-23,any,valkyrie,3.378
2026-08-23,any,conduit,2.297
2026-08-23,any,fuse,5.703
2026-08-23,any,caustic,2.966
2026-08-23,any,wraith,5.124
2026-08-23,any,crypto,0.702
2026-08-23,any,catalyst,0.725
2026-08-23,any,mirage,1.919
2026-08-23,any,bloodhound,2.841
2026-08-23,any,lifeline,3.359
2026-08-23,any,newcastle,0.961
2026-08-23,any,wattson,2.135
2026-08-23,any,rampart,1.559
2026-08-23,any,ash,2.293
2026-08-23,any,ballistic,0.738
2026-08-24,any,axle,10.362
2026-08-24,any,loba,9.321
2026-08-24,any,pathfinder,9.335
2026-08-24,any,seer,3.384
2026-08-24,any,revenant,1.799
2026-08-24,any,octane,5.576
2026-08-24,any,alter,2.965
2026-08-24,any,mad-maggie,6.924
2026-08-24,any,gibraltar,2.844
2026-08-24,any,bangalore,4.514
2026-08-24,any,vantage,2.056
2026-08-24,any,horizon,1.278
2026-08-24,any,sparrow,2.812
2026-08-24,any,valkyrie,3.34
2026-08-24,any,conduit,2.272
2026-08-24,any,fuse,5.779
2026-08-24,any,caustic,3.04
2026-08-24,any,wraith,5.066
2026-08-24,any,crypto,0.718
2026-08-24,any,catalyst,0.76
2026-08-24,any,mirage,1.879
2026-08-24,any,bloodhound,2.88
2026-08-24,any,lifeline,3.448
2026-08-24,any,newcastle,0.972
2026-08-24,any,wattson,2.141
2026-08-24,any,rampart,1.542
2026-08-24,any,ash,2.276
2026-08-24,any,ballistic,0.719
2026-08-25,any,axle,10.173
2026-08-25,any,loba,9.247
2026-08-25,any,pathfinder,9.406
2026-08-25,any,seer,3.339
2026-08-25,any,revenant,1.816
2026-08-25,any,octane,5.572
2026-08-25,any,alter,3.137
2026-08-25,any,mad-maggie,7.034
2026-08-25,any,gibraltar,2.84
2026-08-25,any,bangalore,4.467
2026-08-25,any,vantage,2.067
2026-08-25,any,horizon,1.302
2026-08-25,any,sparrow,2.855
2026-08-25,any,valkyrie,3.25
2026-08-25,any,conduit,2.256
2026-08-25,any,fuse,5.857
2026-08-25,any,caustic,3.086
2026-08-25,any,wraith,5.063
2026-08-25,any,crypto,0.727
2026-08-25,any,catalyst,0.785
2026-08-25,any,mirage,1.909
2026-08-25,any,bloodhound,2.766
2026-08-25,any,lifeline,3.341
2026-08-25,any,newcastle,0.973
2026-08-25,any,wattson,2.213
2026-08-25,any,rampart,1.512
2026-08-25,any,ash,2.287
2026-08-25,any,ballistic,0.722
2026-08-26,any,axle,10.024
2026-08-26,any,loba,9.078
2026-08-26,any,pathfinder,9.562
2026-08-26,any,seer,3.331
2026-08-26,any,revenant,1.785
2026-08-26,any,octane,5.586
2026-08-26,any,alter,3.168
2026-08-26,any,mad-maggie,7.107
2026-08-26,any,gibraltar,2.826
2026-08-26,any,bangalore,4.548
2026-08-26,any,vantage,2.079
2026-08-26,any,horizon,1.298
2026-08-26,any,sparrow,2.854
2026-08-26,any,valkyrie,3.212
2026-08-26,any,conduit,2.263
2026-08-26,any,fuse,5.818
2026-08-26,any,caustic,3.036
2026-08-26,any,wraith,5.208
2026-08-26,any,crypto,0.729
2026-08-26,any,catalyst,0.788
2026-08-26,any,mirage,1.875
2026-08-26,any,bloodhound,2.744
2026-08-26,any,lifeline,3.384
2026-08-26,any,newcastle,0.975
2026-08-26,any,wattson,2.241
2026-08-26,any,rampart,1.478
2026-08-26,any,ash,2.293
2026-08-26,any,ballistic,0.708
2026-08-27,any,axle,9.539
2026-08-27,any,loba,9.113
2026-08-27,any,pathfinder,9.883
2026-08-27,any,seer,3.154
2026-08-27,any,revenant,1.833
2026-08-27,any,octane,5.669
2026-08-27,any,alter,3.217
2026-08-27,any,mad-maggie,7.308
2026-08-27,any,gibraltar,2.76
2026-08-27,any,bangalore,4.479
2026-08-27,any,vantage,2.074
2026-08-27,any,horizon,1.339
2026-08-27,any,sparrow,2.934
2026-08-27,any,valkyrie,3.152
2026-08-27,any,conduit,2.276
2026-08-27,any,fuse,5.904
2026-08-27,any,caustic,3.016
2026-08-27,any,wraith,5.297
2026-08-27,any,crypto,0.748
2026-08-27,any,catalyst,0.81
2026-08-27,any,mirage,1.866
2026-08-27,any,bloodhound,2.733
2026-08-27,any,lifeline,3.211
2026-08-27,any,newcastle,0.948
2026-08-27,any,wattson,2.256
2026-08-27,any,rampart,1.441
2026-08-27,any,ash,2.326
2026-08-27,any,ballistic,0.712
2026-08-28,any,axle,8.769
2026-08-28,any,loba,9.095
2026-08-28,any,pathfinder,10.082
2026-08-28,any,seer,2.959
2026-08-28,any,revenant,1.844
2026-08-28,any,octane,5.771
2026-08-28,any,alter,3.269
2026-08-28,any,mad-maggie,7.272
2026-08-28,any,gibraltar,2.723
2026-08-28,any,bangalore,4.528
2026-08-28,any,vantage,2.102
2026-08-28,any,horizon,1.338
2026-08-28,any,sparrow,2.983
2026-08-28,any,valkyrie,3.18
2026-08-28,any,conduit,2.303
2026-08-28,any,fuse,5.908
2026-08-28,any,caustic,3.049
2026-08-28,any,wraith,5.437
2026-08-28,any,crypto,0.735
2026-08-28,any,catalyst,0.826
2026-08-28,any,mirage,1.886
2026-08-28,any,bloodhound,2.89
2026-08-28,any,lifeline,3.285
2026-08-28,any,newcastle,0.96
2026-08-28,any,wattson,2.265
2026-08-28,any,rampart,1.429
2026-08-28,any,ash,2.395
2026-08-28,any,ballistic,0.717
2026-08-29,any,axle,8.205
2026-08-29,any,loba,9.032
2026-08-29,any,pathfinder,10.042
2026-08-29,any,seer,2.918
2026-08-29,any,revenant,1.879
2026-08-29,any,octane,5.827
2026-08-29,any,alter,3.533
2026-08-29,any,mad-maggie,7.268
2026-08-29,any,gibraltar,2.713
2026-08-29,any,bangalore,4.431
2026-08-29,any,vantage,2.081
2026-08-29,any,horizon,1.345
2026-08-29,any,sparrow,3.07
2026-08-29,any,valkyrie,3.203
2026-08-29,any,conduit,2.334
2026-08-29,any,fuse,6.027
2026-08-29,any,caustic,3.238
2026-08-29,any,wraith,5.368
2026-08-29,any,crypto,0.75
2026-08-29,any,catalyst,0.864
2026-08-29,any,mirage,1.906
2026-08-29,any,bloodhound,2.832
2026-08-29,any,lifeline,3.233
2026-08-29,any,newcastle,0.994
2026-08-29,any,wattson,2.313
2026-08-29,any,rampart,1.434
2026-08-29,any,ash,2.443
2026-08-29,any,ballistic,0.715
2026-08-30,any,axle,7.914
2026-08-30,any,loba,8.872
2026-08-30,any,pathfinder,9.969
2026-08-30,any,seer,2.86
2026-08-30,any,revenant,1.874
2026-08-30,any,octane,5.89
2026-08-30,any,alter,3.519
2026-08-30,any,mad-maggie,7.103
2026-08-30,any,gibraltar,2.714
2026-08-30,any,bangalore,4.521
2026-08-30,any,vantage,2.129
2026-08-30,any,horizon,1.315
2026-08-30,any,sparrow,3.083
2026-08-30,any,valkyrie,3.267
2026-08-30,any,conduit,2.333
2026-08-30,any,fuse,6.125
2026-08-30,any,caustic,3.282
2026-08-30,any,wraith,5.404
2026-08-30,any,crypto,0.756
2026-08-30,any,catalyst,0.888
2026-08-30,any,mirage,1.936
2026-08-30,any,bloodhound,2.883
2026-08-30,any,lifeline,3.367
2026-08-30,any,newcastle,1.026
2026-08-30,any,wattson,2.327
2026-08-30,any,rampart,1.455
2026-08-30,any,ash,2.489
2026-08-30,any,ballistic,0.7
2026-08-31,any,axle,7.787
2026-08-31,any,loba,8.83
2026-08-31,any,pathfinder,10.154
2026-08-31,any,seer,2.874
2026-08-31,any,revenant,1.842
2026-08-31,any,octane,5.9
2026-08-31,any,alter,3.513
2026-08-31,any,mad-maggie,7.123
2026-08-31,any,gibraltar,2.645
2026-08-31,any,bangalore,4.46
2026-08-31,any,vantage,2.186
2026-08-31,any,horizon,1.283
2026-08-31,any,sparrow,3.119
2026-08-31,any,valkyrie,3.303
2026-08-31,any,conduit,2.311
2026-08-31,any,fuse,6.405
2026-08-31,any,caustic,3.287
2026-08-31,any,wraith,5.221
2026-08-31,any,crypto,0.797
2026-08-31,any,catalyst,0.906
2026-08-31,any,mirage,1.959
2026-08-31,any,bloodhound,2.731
2026-08-31,any,lifeline,3.344
2026-08-31,any,newcastle,1.024
2026-08-31,any,wattson,2.318
2026-08-31,any,rampart,1.465
2026-08-31,any,ash,2.518
2026-08-31,any,ballistic,0.697
2026-09-01,any,axle,7.709
2026-09-01,any,loba,8.698
2026-09-01,any,pathfinder,10.255
2026-09-01,any,seer,2.85
2026-09-01,any,revenant,1.845
2026-09-01,any,octane,5.988
2026-09-01,any,alter,3.426
2026-09-01,any,mad-maggie,7.014
2026-09-01,any,gibraltar,2.566
2026-09-01,any,bangalore,4.557
2026-09-01,any,vantage,2.249
2026-09-01,any,horizon,1.297
2026-09-01,any,sparrow,3.129
2026-09-01,any,valkyrie,3.318
2026-09-01,any,conduit,2.312
2026-09-01,any,fuse,6.55
2026-09-01,any,caustic,3.228
2026-09-01,any,wraith,5.223
2026-09-01,any,crypto,0.803
2026-09-01,any,catalyst,0.9
2026-09-01,any,mirage,1.968
2026-09-01,any,bloodhound,2.745
2026-09-01,any,lifeline,3.343
2026-09-01,any,newcastle,1.015
2026-09-01,any,wattson,2.273
2026-09-01,any,rampart,1.465
2026-09-01,any,ash,2.559
2026-09-01,any,ballistic,0.716
2026-09-02,any,axle,7.817
2026-09-02,any,loba,8.603
2026-09-02,any,pathfinder,10.275
2026-09-02,any,seer,2.878
2026-09-02,any,revenant,1.815
2026-09-02,any,octane,5.936
2026-09-02,any,alter,3.621
2026-09-02,any,mad-maggie,7.088
2026-09-02,any,gibraltar,2.528
2026-09-02,any,bangalore,4.581
2026-09-02,any,vantage,2.21
2026-09-02,any,horizon,1.334
2026-09-02,any,sparrow,3.093
2026-09-02,any,valkyrie,3.183
2026-09-02,any,conduit,2.299
2026-09-02,any,fuse,6.592
2026-09-02,any,caustic,3.252
2026-09-02,any,wraith,5.272
2026-09-02,any,crypto,0.796
2026-09-02,any,catalyst,0.891
2026-09-02,any,mirage,1.952
2026-09-02,any,bloodhound,2.72
2026-09-02,any,lifeline,3.351
2026-09-02,any,newcastle,0.993
2026-09-02,any,wattson,2.263
2026-09-02,any,rampart,1.412
2026-09-02,any,ash,2.538
2026-09-02,any,ballistic,0.709
2026-09-03,any,axle,8.024
2026-09-03,any,loba,8.403
2026-09-03,any,pathfinder,10.213
2026-09-03,any,seer,2.864
2026-09-03,any,revenant,1.859
2026-09-03,any,octane,5.916
2026-09-03,any,alter,3.734
2026-09-03,any,mad-maggie,7.119
2026-09-03,any,gibraltar,2.496
2026-09-03,any,bangalore,4.62
2026-09-03,any,vantage,2.162
2026-09-03,any,horizon,1.361
2026-09-03,any,sparrow,3.115
2026-09-03,any,valkyrie,3.131
2026-09-03,any,conduit,2.32
2026-09-03,any,fuse,6.528
2026-09-03,any,caustic,3.225
2026-09-03,any,wraith,5.324
2026-09-03,any,crypto,0.801
2026-09-03,any,catalyst,0.917
2026-09-03,any,mirage,1.934
2026-09-03,any,bloodhound,2.755
2026-09-03,any,lifeline,3.327
2026-09-03,any,newcastle,0.965
2026-09-03,any,wattson,2.268
2026-09-03,any,rampart,1.37
2026-09-03,any,ash,2.554
2026-09-03,any,ballistic,0.694
2026-09-04,any,axle,8.232
2026-09-04,any,loba,8.368
2026-09-04,any,pathfinder,10.206
2026-09-04,any,seer,2.812
2026-09-04,any,revenant,1.854
2026-09-04,any,octane,5.985
2026-09-04,any,alter,3.734
2026-09-04,any,mad-maggie,7.079
2026-09-04,any,gibraltar,2.493
2026-09-04,any,bangalore,4.601
2026-09-04,any,vantage,2.167
2026-09-04,any,horizon,1.385
2026-09-04,any,sparrow,3.12
2026-09-04,any,valkyrie,3.067
2026-09-04,any,conduit,2.317
2026-09-04,any,fuse,6.459
2026-09-04,any,caustic,3.15
2026-09-04,any,wraith,5.338
2026-09-04,any,crypto,0.806
2026-09-04,any,catalyst,0.931
2026-09-04,any,mirage,1.94
2026-09-04,any,bloodhound,2.76
2026-09-04,any,lifeline,3.35
2026-09-04,any,newcastle,0.967
2026-09-04,any,wattson,2.283
2026-09-04,any,rampart,1.383
2026-09-04,any,ash,2.549
2026-09-04,any,ballistic,0.665
2026-09-05,any,axle,8.387
2026-09-05,any,loba,8.259
2026-09-05,any,pathfinder,10.234
2026-09-05,any,seer,2.756
2026-09-05,any,revenant,1.891
2026-09-05,any,octane,6.062
2026-09-05,any,alter,3.587
2026-09-05,any,mad-maggie,6.897
2026-09-05,any,gibraltar,2.486
2026-09-05,any,bangalore,4.589
2026-09-05,any,vantage,2.26
2026-09-05,any,horizon,1.388
2026-09-05,any,sparrow,3.201
2026-09-05,any,valkyrie,3.146
2026-09-05,any,conduit,2.368
2026-09-05,any,fuse,6.463
2026-09-05,any,caustic,3.095
2026-09-05,any,wraith,5.31
2026-09-05,any,crypto,0.829
2026-09-05,any,catalyst,0.912
2026-09-05,any,mirage,1.995
2026-09-05,any,bloodhound,2.778
2026-09-05,any,lifeline,3.338
2026-09-05,any,newcastle,0.962
2026-09-05,any,wattson,2.237
2026-09-05,any,rampart,1.362
2026-09-05,any,ash,2.546
2026-09-05,any,ballistic,0.662
2026-09-06,any,axle,8.455
2026-09-06,any,loba,8.152
2026-09-06,any,pathfinder,10.229
2026-09-06,any,seer,2.751
2026-09-06,any,revenant,1.862
2026-09-06,any,octane,6.079
2026-09-06,any,alter,3.579
2026-09-06,any,mad-maggie,6.752
2026-09-06,any,gibraltar,2.513
2026-09-06,any,bangalore,4.554
2026-09-06,any,vantage,2.306
2026-09-06,any,horizon,1.378
2026-09-06,any,sparrow,3.149
2026-09-06,any,valkyrie,3.182
2026-09-06,any,conduit,2.369
2026-09-06,any,fuse,6.397
2026-09-06,any,caustic,3.108
2026-09-06,any,wraith,5.374
2026-09-06,any,crypto,0.824
2026-09-06,any,catalyst,0.916
2026-09-06,any,mirage,2.06
2026-09-06,any,bloodhound,2.818
2026-09-06,any,lifeline,3.413
2026-09-06,any,newcastle,0.95
2026-09-06,any,wattson,2.249
2026-09-06,any,rampart,1.36
2026-09-06,any,ash,2.537
2026-09-06,any,ballistic,0.681
2026-09-07,any,axle,8.394
2026-09-07,any,loba,8.152
2026-09-07,any,pathfinder,10.229
2026-09-07,any,seer,2.749
2026-09-07,any,revenant,1.867
2026-09-07,any,octane,5.993
2026-09-07,any,alter,3.752
2026-09-07,any,mad-maggie,6.874
2026-09-07,any,gibraltar,2.435
2026-09-07,any,bangalore,4.501
2026-09-07,any,vantage,2.298
2026-09-07,any,horizon,1.336
2026-09-07,any,sparrow,3.169
2026-09-07,any,valkyrie,3.178
2026-09-07,any,conduit,2.342
2026-09-07,any,fuse,6.452
2026-09-07,any,caustic,3.215
2026-09-07,any,wraith,5.334
2026-09-07,any,crypto,0.778
2026-09-07,any,catalyst,0.906
2026-09-07,any,mirage,2.07
2026-09-07,any,bloodhound,2.79
2026-09-07,any,lifeline,3.428
2026-09-07,any,newcastle,0.947
2026-09-07,any,wattson,2.27
2026-09-07,any,rampart,1.346
2026-09-07,any,ash,2.513
2026-09-07,any,ballistic,0.683
2026-09-08,any,axle,8.569
2026-09-08,any,loba,8.123
2026-09-08,any,pathfinder,10.294
2026-09-08,any,seer,2.812
2026-09-08,any,revenant,1.885
2026-09-08,any,octane,6.028
2026-09-08,any,alter,3.73
2026-09-08,any,mad-maggie,6.912
2026-09-08,any,gibraltar,2.398
2026-09-08,any,bangalore,4.436
2026-09-08,any,vantage,2.289
2026-09-08,any,horizon,1.338
2026-09-08,any,sparrow,3.157
2026-09-08,any,valkyrie,3.182
2026-09-08,any,conduit,2.34
2026-09-08,any,fuse,6.462
2026-09-08,any,caustic,3.226
2026-09-08,any,wraith,5.228
2026-09-08,any,crypto,0.762
2026-09-08,any,catalyst,0.896
2026-09-08,any,mirage,2.073
2026-09-08,any,bloodhound,2.685
2026-09-08,any,lifeline,3.358
2026-09-08,any,newcastle,0.949
2026-09-08,any,wattson,2.284
2026-09-08,any,rampart,1.347
2026-09-08,any,ash,2.546
2026-09-08,any,ballistic,0.693
2026-09-09,any,axle,8.816
2026-09-09,any,loba,8.089
2026-09-09,any,pathfinder,10.354
2026-09-09,any,seer,2.782
2026-09-09,any,revenant,1.95
2026-09-09,any,octane,6.117
2026-09-09,any,alter,3.614
2026-09-09,any,mad-maggie,6.855
2026-09-09,any,gibraltar,2.325
2026-09-09,any,bangalore,4.498
2026-09-09,any,vantage,2.352
2026-09-09,any,horizon,1.378
2026-09-09,any,sparrow,3.186
2026-09-09,any,valkyrie,3.147
2026-09-09,any,conduit,2.332
2026-09-09,any,fuse,6.526
2026-09-09,any,caustic,3.172
2026-09-09,any,wraith,5.152
2026-09-09,any,crypto,0.753
2026-09-09,any,catalyst,0.887
2026-09-09,any,mirage,2.035
2026-09-09,any,bloodhound,2.612
2026-09-09,any,lifeline,3.302
2026-09-09,any,newcastle,0.968
2026-09-09,any,wattson,2.24
2026-09-09,any,rampart,1.329
2026-09-09,any,ash,2.547
2026-09-09,any,ballistic,0.685
2026-09-10,any,axle,9.047
2026-09-10,any,loba,7.981
2026-09-10,any,pathfinder,10.264
2026-09-10,any,seer,2.724
2026-09-10,any,revenant,1.96
2026-09-10,any,octane,6.226
2026-09-10,any,alter,3.456
2026-09-10,any,mad-maggie,6.783
2026-09-10,any,gibraltar,2.308
2026-09-10,any,bangalore,4.492
2026-09-10,any,vantage,2.411
2026-09-10,any,horizon,1.43
2026-09-10,any,sparrow,3.248
2026-09-10,any,valkyrie,3.167
2026-09-10,any,conduit,2.353
2026-09-10,any,fuse,6.528
2026-09-10,any,caustic,3.099
2026-09-10,any,wraith,5.164
2026-09-10,any,crypto,0.762
2026-09-10,any,catalyst,0.87
2026-09-10,any,mirage,2.023
2026-09-10,any,bloodhound,2.583
2026-09-10,any,lifeline,3.374
2026-09-10,any,newcastle,0.955
2026-09-10,any,wattson,2.223
2026-09-10,any,rampart,1.312
2026-09-10,any,ash,2.569
2026-09-10,any,ballistic,0.689
2026-09-11,any,axle,8.909
2026-09-11,any,loba,7.901
2026-09-11,any,pathfinder,10.252
2026-09-11,any,seer,2.679
2026-09-11,any,revenant,1.948
2026-09-11,any,octane,6.251
2026-09-11,any,alter,3.607
2026-09-11,any,mad-maggie,6.739
2026-09-11,any,gibraltar,2.287
2026-09-11,any,bangalore,4.539
2026-09-11,any,vantage,2.382
2026-09-11,any,horizon,1.411
2026-09-11,any,sparrow,3.26
2026-09-11,any,valkyrie,3.181
2026-09-11,any,conduit,2.319
2026-09-11,any,fuse,6.572
2026-09-11,any,caustic,3.148
2026-09-11,any,wraith,5.214
2026-09-11,any,crypto,0.754
2026-09-11,any,catalyst,0.857
2026-09-11,any,mirage,1.963
2026-09-11,any,bloodhound,2.653
2026-09-11,any,lifeline,3.468
2026-09-11,any,newcastle,0.943
2026-09-11,any,wattson,2.201
2026-09-11,any,rampart,1.337
2026-09-11,any,ash,2.555
2026-09-11,any,ballistic,0.671
2026-09-12,any,axle,8.837
2026-09-12,any,loba,7.884
2026-09-12,any,pathfinder,10.201
2026-09-12,any,seer,2.681
2026-09-12,any,revenant,1.931
2026-09-12,any,octane,6.199
2026-09-12,any,alter,3.709
2026-09-12,any,mad-maggie,6.763
2026-09-12,any,gibraltar,2.281
2026-09-12,any,bangalore,4.532
2026-09-12,any,vantage,2.341
2026-09-12,any,horizon,1.376
2026-09-12,any,sparrow,3.268
2026-09-12,any,valkyrie,3.114
2026-09-12,any,conduit,2.334
2026-09-12,any,fuse,6.664
2026-09-12,any,caustic,3.154
2026-09-12,any,wraith,5.239
2026-09-12,any,crypto,0.749
2026-09-12,any,catalyst,0.879
2026-09-12,any,mirage,1.947
2026-09-12,any,bloodhound,2.7
2026-09-12,any,lifeline,3.534
2026-09-12,any,newcastle,0.935
2026-09-12,any,wattson,2.238
2026-09-12,any,rampart,1.317
2026-09-12,any,ash,2.539
2026-09-12,any,ballistic,0.655
2026-09-13,any,axle,8.752
2026-09-13,any,loba,7.916
2026-09-13,any,pathfinder,10.324
2026-09-13,any,seer,2.715
2026-09-13,any,revenant,1.906
2026-09-13,any,octane,6.163
2026-09-13,any,alter,3.709
2026-09-13,any,mad-maggie,6.833
2026-09-13,any,gibraltar,2.205
2026-09-13,any,bangalore,4.502
2026-09-13,any,vantage,2.369
2026-09-13,any,horizon,1.237
2026-09-13,any,sparrow,3.302
2026-09-13,any,valkyrie,3.075
2026-09-13,any,conduit,2.369
2026-09-13,any,fuse,6.952
2026-09-13,any,caustic,3.176
2026-09-13,any,wraith,5.138
2026-09-13,any,crypto,0.756
2026-09-13,any,catalyst,0.921
2026-09-13,any,mirage,1.947
2026-09-13,any,bloodhound,2.68
2026-09-13,any,lifeline,3.495
2026-09-13,any,newcastle,0.949
2026-09-13,any,wattson,2.207
2026-09-13,any,rampart,1.302
2026-09-13,any,ash,2.46
2026-09-13,any,ballistic,0.641
2026-09-14,any,axle,8.724
2026-09-14,any,loba,7.821
2026-09-14,any,pathfinder,10.341
2026-09-14,any,seer,2.708
2026-09-14,any,revenant,1.857
2026-09-14,any,octane,6.147
2026-09-14,any,alter,3.592
2026-09-14,any,mad-maggie,6.748
2026-09-14,any,gibraltar,2.192
2026-09-14,any,bangalore,4.441
2026-09-14,any,vantage,2.477
2026-09-14,any,horizon,1.273
2026-09-14,any,sparrow,3.286
2026-09-14,any,valkyrie,3.12
2026-09-14,any,conduit,2.463
2026-09-14,any,fuse,6.937
2026-09-14,any,caustic,3.159
2026-09-14,any,wraith,5.101
2026-09-14,any,crypto,0.76
2026-09-14,any,catalyst,1.005
2026-09-14,any,mirage,2.042
2026-09-14,any,bloodhound,2.588
2026-09-14,any,lifeline,3.561
2026-09-14,any,newcastle,0.956
2026-09-14,any,wattson,2.256
2026-09-14,any,rampart,1.303
2026-09-14,any,ash,2.492
2026-09-14,any,ballistic,0.651
2026-09-15,any,axle,8.784
2026-09-15,any,loba,7.792
2026-09-15,any,pathfinder,10.309
2026-09-15,any,seer,2.689
2026-09-15,any,revenant,1.833
2026-09-15,any,octane,6.193
2026-09-15,any,alter,3.553
2026-09-15,any,mad-maggie,6.697
2026-09-15,any,gibraltar,2.185
2026-09-15,any,bangalore,4.407
2026-09-15,any,vantage,2.53
2026-09-15,any,horizon,1.314
2026-09-15,any,sparrow,3.285
2026-09-15,any,valkyrie,3.117
2026-09-15,any,conduit,2.465
2026-09-15,any,fuse,6.889
2026-09-15,any,caustic,3.188
2026-09-15,any,wraith,5.077
2026-09-15,any,crypto,0.758
2026-09-15,any,catalyst,1.057
2026-09-15,any,mirage,2.063
2026-09-15,any,bloodhound,2.544
2026-09-15,any,lifeline,3.57
2026-09-15,any,newcastle,0.952
2026-09-15,any,wattson,2.256
2026-09-15,any,rampart,1.328
2026-09-15,any,ash,2.503
2026-09-15,any,ballistic,0.66
2026-09-16,any,axle,10.555
2026-09-16,any,loba,7.64
2026-09-16,any,pathfinder,8.736
2026-09-16,any,seer,1.96
2026-09-16,any,revenant,2.591
2026-09-16,any,octane,6.726
2026-09-16,any,alter,3.264
2026-09-16,any,mad-maggie,4.9
2026-09-16,any,gibraltar,1.702
2026-09-16,any,bangalore,3.92
2026-09-16,any,vantage,1.91
2026-09-16,any,horizon,2.026
2026-09-16,any,sparrow,2.94
2026-09-16,any,valkyrie,2.674
2026-09-16,any,conduit,4.991
2026-09-16,any,fuse,6.56
2026-09-16,any,caustic,2.159
2026-09-16,any,wraith,6.17
2026-09-16,any,crypto,0.731
2026-09-16,any,catalyst,2.641
2026-09-16,any,mirage,1.819
2026-09-16,any,bloodhound,2.5
2026-09-16,any,lifeline,3.629
2026-09-16,any,newcastle,0.714
2026-09-16,any,wattson,2.309
2026-09-16,any,rampart,1.088
2026-09-16,any,ash,2.45
2026-09-16,any,ballistic,0.698
2026-09-17,any,axle,9.722
2026-09-17,any,loba,6.921
2026-09-17,any,pathfinder,10.335
2026-09-17,any,seer,2.4
2026-09-17,any,revenant,2.574
2026-09-17,any,octane,6.07
2026-09-17,any,alter,2.721
2026-09-17,any,mad-maggie,5.618
2026-09-17,any,gibraltar,1.826
2026-09-17,any,bangalore,4.205
2026-09-17,any,vantage,2.227
2026-09-17,any,horizon,1.369
2026-09-17,any,sparrow,3.223
2026-09-17,any,valkyrie,2.912
2026-09-17,any,conduit,5.356
2026-09-17,any,fuse,7.49
2026-09-17,any,caustic,2.278
2026-09-17,any,wraith,5.003
2026-09-17,any,crypto,0.602
2026-09-17,any,catalyst,3.421
2026-09-17,any,mirage,1.785
2026-09-17,any,bloodhound,2.299
2026-09-17,any,lifeline,3.121
2026-09-17,any,newcastle,0.762
2026-09-17,any,wattson,1.667
2026-09-17,any,rampart,1.154
2026-09-17,any,ash,2.335
2026-09-17,any,ballistic,0.605
2026-09-18,any,axle,9.255
2026-09-18,any,loba,6.603
2026-09-18,any,pathfinder,10.196
2026-09-18,any,seer,2.44
2026-09-18,any,revenant,2.528
2026-09-18,any,octane,6.214
2026-09-18,any,alter,2.652
2026-09-18,any,mad-maggie,5.583
2026-09-18,any,gibraltar,1.942
2026-09-18,any,bangalore,4.401
2026-09-18,any,vantage,2.362
2026-09-18,any,horizon,1.373
2026-09-18,any,sparrow,3.207
2026-09-18,any,valkyrie,3.02
2026-09-18,any,conduit,5.114
2026-09-18,any,fuse,7.144
2026-09-18,any,caustic,2.242
2026-09-18,any,wraith,5.177
2026-09-18,any,crypto,0.633
2026-09-18,any,catalyst,3.296
2026-09-18,any,mirage,1.907
2026-09-18,any,bloodhound,2.44
2026-09-18,any,lifeline,3.46
2026-09-18,any,newcastle,0.811
2026-09-18,any,wattson,1.771
2026-09-18,any,rampart,1.18
2026-09-18,any,ash,2.424
2026-09-18,any,ballistic,0.626
2026-09-19,any,axle,9.164
2026-09-19,any,loba,6.569
2026-09-19,any,pathfinder,10.345
2026-09-19,any,seer,2.43
2026-09-19,any,revenant,2.54
2026-09-19,any,octane,6.144
2026-09-19,any,alter,2.638
2026-09-19,any,mad-maggie,5.744
2026-09-19,any,gibraltar,1.971
2026-09-19,any,bangalore,4.427
2026-09-19,any,vantage,2.442
2026-09-19,any,horizon,1.273
2026-09-19,any,sparrow,3.248
2026-09-19,any,valkyrie,3.023
2026-09-19,any,conduit,5.101
2026-09-19,any,fuse,7.168
2026-09-19,any,caustic,2.269
2026-09-19,any,wraith,5.033
2026-09-19,any,crypto,0.623
2026-09-19,any,catalyst,3.356
2026-09-19,any,mirage,1.898
2026-09-19,any,bloodhound,2.387
2026-09-19,any,lifeline,3.414
2026-09-19,any,newcastle,0.841
2026-09-19,any,wattson,1.71
2026-09-19,any,rampart,1.209
2026-09-19,any,ash,2.411
2026-09-19,any,ballistic,0.622
2026-09-20,any,axle,9.336
2026-09-20,any,loba,6.745
2026-09-20,any,pathfinder,10.556
2026-09-20,any,seer,2.42
2026-09-20,any,revenant,2.528
2026-09-20,any,octane,6.055
2026-09-20,any,alter,2.576
2026-09-20,any,mad-maggie,5.927
2026-09-20,any,gibraltar,1.982
2026-09-20,any,bangalore,4.516
2026-09-20,any,vantage,2.477
2026-09-20,any,horizon,1.217
2026-09-20,any,sparrow,3.268
2026-09-20,any,valkyrie,2.989
2026-09-20,any,conduit,4.929
2026-09-20,any,fuse,6.846
2026-09-20,any,caustic,2.243
2026-09-20,any,wraith,4.952
2026-09-20,any,crypto,0.623
2026-09-20,any,catalyst,3.279
2026-09-20,any,mirage,1.894
2026-09-20,any,bloodhound,2.383
2026-09-20,any,lifeline,3.492
2026-09-20,any,newcastle,0.848
2026-09-20,any,wattson,1.688
2026-09-20,any,rampart,1.218
2026-09-20,any,ash,2.402
2026-09-20,any,ballistic,0.612
2026-09-21,any,axle,9.724
2026-09-21,any,loba,6.917
2026-09-21,any,pathfinder,10.706
2026-09-21,any,seer,2.492
2026-09-21,any,revenant,2.501
2026-09-21,any,octane,5.975
2026-09-21,any,alter,2.553
2026-09-21,any,mad-maggie,6.08
2026-09-21,any,gibraltar,1.968
2026-09-21,any,bangalore,4.516
2026-09-21,any,vantage,2.528
2026-09-21,any,horizon,1.21
2026-09-21,any,sparrow,3.299
2026-09-21,any,valkyrie,2.967
2026-09-21,any,conduit,4.795
2026-09-21,any,fuse,6.484
2026-09-21,any,caustic,2.263
2026-09-21,any,wraith,4.849
2026-09-21,any,crypto,0.64
2026-09-21,any,catalyst,3.158
2026-09-21,any,mirage,1.895
2026-09-21,any,bloodhound,2.295
2026-09-21,any,lifeline,3.405
2026-09-21,any,newcastle,0.892
2026-09-21,any,wattson,1.677
2026-09-21,any,rampart,1.234
2026-09-21,any,ash,2.374
2026-09-21,any,ballistic,0.604
2026-09-22,any,axle,9.896
2026-09-22,any,loba,7.107
2026-09-22,any,pathfinder,10.726
2026-09-22,any,seer,2.499
2026-09-22,any,revenant,2.504
2026-09-22,any,octane,6.025
2026-09-22,any,alter,2.441
2026-09-22,any,mad-maggie,6.075
2026-09-22,any,gibraltar,1.982
2026-09-22,any,bangalore,4.539
2026-09-22,any,vantage,2.577
2026-09-22,any,horizon,1.217
2026-09-22,any,sparrow,3.308
2026-09-22,any,valkyrie,2.977
2026-09-22,any,conduit,4.568
2026-09-22,any,fuse,6.227
2026-09-22,any,caustic,2.273
2026-09-22,any,wraith,4.926
2026-09-22,any,crypto,0.637
2026-09-22,any,catalyst,3
2026-09-22,any,mirage,1.893
2026-09-22,any,bloodhound,2.283
2026-09-22,any,lifeline,3.532
2026-09-22,any,newcastle,0.883
2026-09-22,any,wattson,1.677
2026-09-22,any,rampart,1.251
2026-09-22,any,ash,2.368
2026-09-22,any,ballistic,0.607
2026-09-23,any,axle,10.232
2026-09-23,any,loba,7.373
2026-09-23,any,pathfinder,10.726
2026-09-23,any,seer,2.582
2026-09-23,any,revenant,2.483
2026-09-23,any,octane,6.03
2026-09-23,any,alter,2.441
2026-09-23,any,mad-maggie,6.139
2026-09-23,any,gibraltar,1.954
2026-09-23,any,bangalore,4.422
2026-09-23,any,vantage,2.672
2026-09-23,any,horizon,1.292
2026-09-23,any,sparrow,3.305
2026-09-23,any,valkyrie,2.919
2026-09-23,any,conduit,4.443
2026-09-23,any,fuse,5.983
2026-09-23,any,caustic,2.265
2026-09-23,any,wraith,4.88
2026-09-23,any,crypto,0.66
2026-09-23,any,catalyst,2.901
2026-09-23,any,mirage,1.943
2026-09-23,any,bloodhound,2.111
2026-09-23,any,lifeline,3.393
2026-09-23,any,newcastle,0.885
2026-09-23,any,wattson,1.733
2026-09-23,any,rampart,1.241
2026-09-23,any,ash,2.376
2026-09-23,any,ballistic,0.616
2026-09-24,any,axle,10.323
2026-09-24,any,loba,7.49
2026-09-24,any,pathfinder,10.764
2026-09-24,any,seer,2.531
2026-09-24,any,revenant,2.466
2026-09-24,any,octane,6.102
2026-09-24,any,alter,2.556
2026-09-24,any,mad-maggie,6.075
2026-09-24,any,gibraltar,2.066
2026-09-24,any,bangalore,4.437
2026-09-24,any,vantage,2.655
2026-09-24,any,horizon,1.328
2026-09-24,any,sparrow,3.357
2026-09-24,any,valkyrie,2.888
2026-09-24,any,conduit,4.258
2026-09-24,any,fuse,5.744
2026-09-24,any,caustic,2.265
2026-09-24,any,wraith,4.911
2026-09-24,any,crypto,0.652
2026-09-24,any,catalyst,2.749
2026-09-24,any,mirage,2.022
2026-09-24,any,bloodhound,2.068
2026-09-24,any,lifeline,3.417
2026-09-24,any,newcastle,0.836
2026-09-24,any,wattson,1.868
2026-09-24,any,rampart,1.21
2026-09-24,any,ash,2.351
2026-09-24,any,ballistic,0.61
2026-09-25,any,axle,10.612
2026-09-25,any,loba,7.702
2026-09-25,any,pathfinder,11.029
2026-09-25,any,seer,2.601
2026-09-25,any,revenant,2.4
2026-09-25,any,octane,5.982
2026-09-25,any,alter,2.644
2026-09-25,any,mad-maggie,6.271
2026-09-25,any,gibraltar,2.062
2026-09-25,any,bangalore,4.457
2026-09-25,any,vantage,2.647
2026-09-25,any,horizon,1.31
2026-09-25,any,sparrow,3.397
2026-09-25,any,valkyrie,2.784
2026-09-25,any,conduit,4.216
2026-09-25,any,fuse,5.589
2026-09-25,any,caustic,2.238
2026-09-25,any,wraith,4.732
2026-09-25,any,crypto,0.652
2026-09-25,any,catalyst,2.612
2026-09-25,any,mirage,2.027
2026-09-25,any,bloodhound,1.958
2026-09-25,any,lifeline,3.255
2026-09-25,any,newcastle,0.816
2026-09-25,any,wattson,1.913
2026-09-25,any,rampart,1.181
2026-09-25,any,ash,2.322
2026-09-25,any,ballistic,0.59
2026-08-29,Bronze,axle,4.328
2026-08-29,Bronze,loba,5.086
2026-08-29,Bronze,pathfinder,5.377
2026-08-29,Bronze,seer,2.626
2026-08-29,Bronze,revenant,2.791
2026-08-29,Bronze,octane,9.065
2026-08-29,Bronze,alter,2.032
2026-08-29,Bronze,mad-maggie,3.742
2026-08-29,Bronze,gibraltar,2.82
2026-08-29,Bronze,bangalore,5.055
2026-08-29,Bronze,vantage,2.336
2026-08-29,Bronze,horizon,1.338
2026-08-29,Bronze,sparrow,3.399
2026-08-29,Bronze,valkyrie,5.138
2026-08-29,Bronze,conduit,2.399
2026-08-29,Bronze,fuse,5.799
2026-08-29,Bronze,caustic,3.779
2026-08-29,Bronze,wraith,5.818
2026-08-29,Bronze,crypto,0.937
2026-08-29,Bronze,catalyst,0.917
2026-08-29,Bronze,mirage,2.744
2026-08-29,Bronze,bloodhound,6.548
2026-08-29,Bronze,lifeline,5.874
2026-08-29,Bronze,newcastle,0.956
2026-08-29,Bronze,wattson,1.617
2026-08-29,Bronze,rampart,2.263
2026-08-29,Bronze,ash,4.124
2026-08-29,Bronze,ballistic,1.096
2026-08-30,Bronze,axle,4.325
2026-08-30,Bronze,loba,5.081
2026-08-30,Bronze,pathfinder,5.584
2026-08-30,Bronze,seer,2.609
2026-08-30,Bronze,revenant,2.804
2026-08-30,Bronze,octane,9.051
2026-08-30,Bronze,alter,1.996
2026-08-30,Bronze,mad-maggie,3.753
2026-08-30,Bronze,gibraltar,2.869
2026-08-30,Bronze,bangalore,5.082
2026-08-30,Bronze,vantage,2.341
2026-08-30,Bronze,horizon,1.259
2026-08-30,Bronze,sparrow,3.408
2026-08-30,Bronze,valkyrie,5.152
2026-08-30,Bronze,conduit,2.38
2026-08-30,Bronze,fuse,5.842
2026-08-30,Bronze,caustic,3.828
2026-08-30,Bronze,wraith,5.862
2026-08-30,Bronze,crypto,0.978
2026-08-30,Bronze,catalyst,0.9
2026-08-30,Bronze,mirage,2.693
2026-08-30,Bronze,bloodhound,6.494
2026-08-30,Bronze,lifeline,5.776
2026-08-30,Bronze,newcastle,0.962
2026-08-30,Bronze,wattson,1.63
2026-08-30,Bronze,rampart,2.171
2026-08-30,Bronze,ash,4.148
2026-08-30,Bronze,ballistic,1.132
2026-08-31,Bronze,axle,4.191
2026-08-31,Bronze,loba,5.011
2026-08-31,Bronze,pathfinder,5.608
2026-08-31,Bronze,seer,2.587
2026-08-31,Bronze,revenant,2.788
2026-08-31,Bronze,octane,9.033
2026-08-31,Bronze,alter,2.024
2026-08-31,Bronze,mad-maggie,3.775
2026-08-31,Bronze,gibraltar,2.854
2026-08-31,Bronze,bangalore,5.147
2026-08-31,Bronze,vantage,2.243
2026-08-31,Bronze,horizon,1.296
2026-08-31,Bronze,sparrow,3.351
2026-08-31,Bronze,valkyrie,5.12
2026-08-31,Bronze,conduit,2.437
2026-08-31,Bronze,fuse,5.896
2026-08-31,Bronze,caustic,3.824
2026-08-31,Bronze,wraith,5.871
2026-08-31,Bronze,crypto,1.062
2026-08-31,Bronze,catalyst,0.9
2026-08-31,Bronze,mirage,2.691
2026-08-31,Bronze,bloodhound,6.337
2026-08-31,Bronze,lifeline,5.856
2026-08-31,Bronze,newcastle,0.986
2026-08-31,Bronze,wattson,1.69
2026-08-31,Bronze,rampart,2.151
2026-08-31,Bronze,ash,4.175
2026-08-31,Bronze,ballistic,1.198
2026-09-01,Bronze,axle,4.067
2026-09-01,Bronze,loba,4.903
2026-09-01,Bronze,pathfinder,5.767
2026-09-01,Bronze,seer,2.572
2026-09-01,Bronze,revenant,2.797
2026-09-01,Bronze,octane,9.157
2026-09-01,Bronze,alter,1.984
2026-09-01,Bronze,mad-maggie,3.721
2026-09-01,Bronze,gibraltar,2.823
2026-09-01,Bronze,bangalore,5.262
2026-09-01,Bronze,vantage,2.247
2026-09-01,Bronze,horizon,1.288
2026-09-01,Bronze,sparrow,3.397
2026-09-01,Bronze,valkyrie,5.192
2026-09-01,Bronze,conduit,2.449
2026-09-01,Bronze,fuse,5.949
2026-09-01,Bronze,caustic,3.841
2026-09-01,Bronze,wraith,5.857
2026-09-01,Bronze,crypto,1.065
2026-09-01,Bronze,catalyst,0.959
2026-09-01,Bronze,mirage,2.657
2026-09-01,Bronze,bloodhound,6.188
2026-09-01,Bronze,lifeline,5.873
2026-09-01,Bronze,newcastle,1.002
2026-09-01,Bronze,wattson,1.632
2026-09-01,Bronze,rampart,2.106
2026-09-01,Bronze,ash,4.124
2026-09-01,Bronze,ballistic,1.223
2026-09-02,Bronze,axle,3.993
2026-09-02,Bronze,loba,4.931
2026-09-02,Bronze,pathfinder,5.766
2026-09-02,Bronze,seer,2.529
2026-09-02,Bronze,revenant,2.79
2026-09-02,Bronze,octane,9.113
2026-09-02,Bronze,alter,2.064
2026-09-02,Bronze,mad-maggie,3.633
2026-09-02,Bronze,gibraltar,2.727
2026-09-02,Bronze,bangalore,5.303
2026-09-02,Bronze,vantage,2.207
2026-09-02,Bronze,horizon,1.29
2026-09-02,Bronze,sparrow,3.457
2026-09-02,Bronze,valkyrie,5.117
2026-09-02,Bronze,conduit,2.426
2026-09-02,Bronze,fuse,5.989
2026-09-02,Bronze,caustic,3.77
2026-09-02,Bronze,wraith,5.901
2026-09-02,Bronze,crypto,0.999
2026-09-02,Bronze,catalyst,0.979
2026-09-02,Bronze,mirage,2.745
2026-09-02,Bronze,bloodhound,6.105
2026-09-02,Bronze,lifeline,5.842
2026-09-02,Bronze,newcastle,1.051
2026-09-02,Bronze,wattson,1.574
2026-09-02,Bronze,rampart,2.126
2026-09-02,Bronze,ash,4.159
2026-09-02,Bronze,ballistic,1.207
2026-09-03,Bronze,axle,4.052
2026-09-03,Bronze,loba,4.834
2026-09-03,Bronze,pathfinder,5.791
2026-09-03,Bronze,seer,2.469
2026-09-03,Bronze,revenant,2.855
2026-09-03,Bronze,octane,9.1
2026-09-03,Bronze,alter,2.086
2026-09-03,Bronze,mad-maggie,3.636
2026-09-03,Bronze,gibraltar,2.736
2026-09-03,Bronze,bangalore,5.321
2026-09-03,Bronze,vantage,2.273
2026-09-03,Bronze,horizon,1.322
2026-09-03,Bronze,sparrow,3.47
2026-09-03,Bronze,valkyrie,5.111
2026-09-03,Bronze,conduit,2.462
2026-09-03,Bronze,fuse,6.027
2026-09-03,Bronze,caustic,3.756
2026-09-03,Bronze,wraith,5.934
2026-09-03,Bronze,crypto,1.039
2026-09-03,Bronze,catalyst,0.993
2026-09-03,Bronze,mirage,2.724
2026-09-03,Bronze,bloodhound,6.152
2026-09-03,Bronze,lifeline,6.011
2026-09-03,Bronze,newcastle,1.031
2026-09-03,Bronze,wattson,1.66
2026-09-03,Bronze,rampart,2.199
2026-09-03,Bronze,ash,4.269
2026-09-03,Bronze,ballistic,1.186
2026-09-04,Bronze,axle,3.997
2026-09-04,Bronze,loba,4.771
2026-09-04,Bronze,pathfinder,5.924
2026-09-04,Bronze,seer,2.527
2026-09-04,Bronze,revenant,2.792
2026-09-04,Bronze,octane,9.104
2026-09-04,Bronze,alter,2.035
2026-09-04,Bronze,mad-maggie,3.537
2026-09-04,Bronze,gibraltar,2.764
2026-09-04,Bronze,bangalore,5.344
2026-09-04,Bronze,vantage,2.254
2026-09-04,Bronze,horizon,1.408
2026-09-04,Bronze,sparrow,3.443
2026-09-04,Bronze,valkyrie,5.101
2026-09-04,Bronze,conduit,2.437
2026-09-04,Bronze,fuse,5.997
2026-09-04,Bronze,caustic,3.735
2026-09-04,Bronze,wraith,5.913
2026-09-04,Bronze,crypto,1.09
2026-09-04,Bronze,catalyst,0.897
2026-09-04,Bronze,mirage,2.68
2026-09-04,Bronze,bloodhound,5.965
2026-09-04,Bronze,lifeline,6.044
2026-09-04,Bronze,newcastle,1.034
2026-09-04,Bronze,wattson,1.638
2026-09-04,Bronze,rampart,2.149
2026-09-04,Bronze,ash,4.265
2026-09-04,Bronze,ballistic,1.164
2026-09-05,Bronze,axle,4.0
2026-09-05,Bronze,loba,4.7
2026-09-05,Bronze,pathfinder,5.8
2026-09-05,Bronze,seer,2.4
2026-09-05,Bronze,revenant,2.8
2026-09-05,Bronze,octane,9.2
2026-09-05,Bronze,alter,2.1
2026-09-05,Bronze,mad-maggie,3.5
2026-09-05,Bronze,gibraltar,2.7
2026-09-05,Bronze,bangalore,5.3
2026-09-05,Bronze,vantage,2.2
2026-09-05,Bronze,horizon,1.3
2026-09-05,Bronze,sparrow,3.4
2026-09-05,Bronze,valkyrie,5.1
2026-09-05,Bronze,conduit,2.5
2026-09-05,Bronze,fuse,6.2
2026-09-05,Bronze,caustic,3.7
2026-09-05,Bronze,wraith,6.1
2026-09-05,Bronze,crypto,1.0
2026-09-05,Bronze,catalyst,0.9
2026-09-05,Bronze,mirage,2.8
2026-09-05,Bronze,bloodhound,5.9
2026-09-05,Bronze,lifeline,6.1
2026-09-05,Bronze,newcastle,1.0
2026-09-05,Bronze,wattson,1.7
2026-09-05,Bronze,rampart,2.2
2026-09-05,Bronze,ash,4.3
2026-09-05,Bronze,ballistic,1.1
2026-09-06,Bronze,axle,4.0
2026-09-06,Bronze,loba,4.6
2026-09-06,Bronze,pathfinder,5.8
2026-09-06,Bronze,seer,2.4
2026-09-06,Bronze,revenant,2.8
2026-09-06,Bronze,octane,9.3
2026-09-06,Bronze,alter,2.1
2026-09-06,Bronze,mad-maggie,3.5
2026-09-06,Bronze,gibraltar,2.8
2026-09-06,Bronze,bangalore,5.3
2026-09-06,Bronze,vantage,2.2
2026-09-06,Bronze,horizon,1.3
2026-09-06,Bronze,sparrow,3.5
2026-09-06,Bronze,valkyrie,5.1
2026-09-06,Bronze,conduit,2.5
2026-09-06,Bronze,fuse,6.2
2026-09-06,Bronze,caustic,3.7
2026-09-06,Bronze,wraith,6.2
2026-09-06,Bronze,crypto,1.0
2026-09-06,Bronze,catalyst,0.9
2026-09-06,Bronze,mirage,2.8
2026-09-06,Bronze,bloodhound,5.8
2026-09-06,Bronze,lifeline,6.0
2026-09-06,Bronze,newcastle,1.0
2026-09-06,Bronze,wattson,1.7
2026-09-06,Bronze,rampart,2.2
2026-09-06,Bronze,ash,4.3
2026-09-06,Bronze,ballistic,1.1
2026-09-07,Bronze,axle,3.9
2026-09-07,Bronze,loba,4.6
2026-09-07,Bronze,pathfinder,5.8
2026-09-07,Bronze,seer,2.4
2026-09-07,Bronze,revenant,2.8
2026-09-07,Bronze,octane,9.4
2026-09-07,Bronze,alter,2.1
2026-09-07,Bronze,mad-maggie,3.5
2026-09-07,Bronze,gibraltar,2.8
2026-09-07,Bronze,bangalore,5.3
2026-09-07,Bronze,vantage,2.1
2026-09-07,Bronze,horizon,1.4
2026-09-07,Bronze,sparrow,3.5
2026-09-07,Bronze,valkyrie,5.0
2026-09-07,Bronze,conduit,2.5
2026-09-07,Bronze,fuse,6.2
2026-09-07,Bronze,caustic,3.6
2026-09-07,Bronze,wraith,6.2
2026-09-07,Bronze,crypto,1.0
2026-09-07,Bronze,catalyst,0.9
2026-09-07,Bronze,mirage,2.8
2026-09-07,Bronze,bloodhound,5.8
2026-09-07,Bronze,lifeline,6.1
2026-09-07,Bronze,newcastle,1.0
2026-09-07,Bronze,wattson,1.8
2026-09-07,Bronze,rampart,2.2
2026-09-07,Bronze,ash,4.3
2026-09-07,Bronze,ballistic,1.1
2026-09-08,Bronze,axle,3.8
2026-09-08,Bronze,loba,4.5
2026-09-08,Bronze,pathfinder,5.8
2026-09-08,Bronze,seer,2.4
2026-09-08,Bronze,revenant,2.8
2026-09-08,Bronze,octane,9.4
2026-09-08,Bronze,alter,2.1
2026-09-08,Bronze,mad-maggie,3.5
2026-09-08,Bronze,gibraltar,2.7
2026-09-08,Bronze,bangalore,5.2
2026-09-08,Bronze,vantage,2.2
2026-09-08,Bronze,horizon,1.4
2026-09-08,Bronze,sparrow,3.5
2026-09-08,Bronze,valkyrie,5.1
2026-09-08,Bronze,conduit,2.5
2026-09-08,Bronze,fuse,6.3
2026-09-08,Bronze,caustic,3.6
2026-09-08,Bronze,wraith,6.2
2026-09-08,Bronze,crypto,1.0
2026-09-08,Bronze,catalyst,1.0
2026-09-08,Bronze,mirage,2.8
2026-09-08,Bronze,bloodhound,5.7
2026-09-08,Bronze,lifeline,6.2
2026-09-08,Bronze,newcastle,1.0
2026-09-08,Bronze,wattson,1.8
2026-09-08,Bronze,rampart,2.2
2026-09-08,Bronze,ash,4.3
2026-09-08,Bronze,ballistic,1.1
2026-09-09,Bronze,axle,3.8
2026-09-09,Bronze,loba,4.6
2026-09-09,Bronze,pathfinder,5.7
2026-09-09,Bronze,seer,2.4
2026-09-09,Bronze,revenant,2.8
2026-09-09,Bronze,octane,9.4
2026-09-09,Bronze,alter,2.2
2026-09-09,Bronze,mad-maggie,3.4
2026-09-09,Bronze,gibraltar,2.7
2026-09-09,Bronze,bangalore,5.2
2026-09-09,Bronze,vantage,2.2
2026-09-09,Bronze,horizon,1.3
2026-09-09,Bronze,sparrow,3.6
2026-09-09,Bronze,valkyrie,5.1
2026-09-09,Bronze,conduit,2.5
2026-09-09,Bronze,fuse,6.3
2026-09-09,Bronze,caustic,3.6
2026-09-09,Bronze,wraith,6.2
2026-09-09,Bronze,crypto,0.9
2026-09-09,Bronze,catalyst,1.0
2026-09-09,Bronze,mirage,2.8
2026-09-09,Bronze,bloodhound,5.7
2026-09-09,Bronze,lifeline,6.0
2026-09-09,Bronze,newcastle,1.0
2026-09-09,Bronze,wattson,1.8
2026-09-09,Bronze,rampart,2.2
2026-09-09,Bronze,ash,4.3
2026-09-09,Bronze,ballistic,1.1
2026-09-10,Bronze,axle,3.9
2026-09-10,Bronze,loba,4.6
2026-09-10,Bronze,pathfinder,5.8
2026-09-10,Bronze,seer,2.4
2026-09-10,Bronze,revenant,2.8
2026-09-10,Bronze,octane,9.4
2026-09-10,Bronze,alter,2.2
2026-09-10,Bronze,mad-maggie,3.4
2026-09-10,Bronze,gibraltar,2.7
2026-09-10,Bronze,bangalore,5.3
2026-09-10,Bronze,vantage,2.3
2026-09-10,Bronze,horizon,1.3
2026-09-10,Bronze,sparrow,3.6
2026-09-10,Bronze,valkyrie,5.1
2026-09-10,Bronze,conduit,2.5
2026-09-10,Bronze,fuse,6.3
2026-09-10,Bronze,caustic,3.7
2026-09-10,Bronze,wraith,6.2
2026-09-10,Bronze,crypto,0.9
2026-09-10,Bronze,catalyst,1.0
2026-09-10,Bronze,mirage,2.8
2026-09-10,Bronze,bloodhound,5.8
2026-09-10,Bronze,lifeline,6.1
2026-09-10,Bronze,newcastle,1.0
2026-09-10,Bronze,wattson,1.8
2026-09-10,Bronze,rampart,2.2
2026-09-10,Bronze,ash,4.3
2026-09-10,Bronze,ballistic,1.1
2026-09-11,Bronze,axle,3.8
2026-09-11,Bronze,loba,4.6
2026-09-11,Bronze,pathfinder,5.9
2026-09-11,Bronze,seer,2.4
2026-09-11,Bronze,revenant,2.8
2026-09-11,Bronze,octane,9.3
2026-09-11,Bronze,alter,2.2
2026-09-11,Bronze,mad-maggie,3.4
2026-09-11,Bronze,gibraltar,2.7
2026-09-11,Bronze,bangalore,5.4
2026-09-11,Bronze,vantage,2.3
2026-09-11,Bronze,horizon,1.3
2026-09-11,Bronze,sparrow,3.6
2026-09-11,Bronze,valkyrie,5.1
2026-09-11,Bronze,conduit,2.4
2026-09-11,Bronze,fuse,6.3
2026-09-11,Bronze,caustic,3.7
2026-09-11,Bronze,wraith,6.2
2026-09-11,Bronze,crypto,0.9
2026-09-11,Bronze,catalyst,0.9
2026-09-11,Bronze,mirage,2.7
2026-09-11,Bronze,bloodhound,5.7
2026-09-11,Bronze,lifeline,6.1
2026-09-11,Bronze,newcastle,1.0
2026-09-11,Bronze,wattson,1.7
2026-09-11,Bronze,rampart,2.2
2026-09-11,Bronze,ash,4.3
2026-09-11,Bronze,ballistic,1.1
2026-09-12,Bronze,axle,3.7
2026-09-12,Bronze,loba,4.6
2026-09-12,Bronze,pathfinder,5.9
2026-09-12,Bronze,seer,2.3
2026-09-12,Bronze,revenant,2.8
2026-09-12,Bronze,octane,9.2
2026-09-12,Bronze,alter,2.2
2026-09-12,Bronze,mad-maggie,3.4
2026-09-12,Bronze,gibraltar,2.7
2026-09-12,Bronze,bangalore,5.4
2026-09-12,Bronze,vantage,2.3
2026-09-12,Bronze,horizon,1.3
2026-09-12,Bronze,sparrow,3.7
2026-09-12,Bronze,valkyrie,5.1
2026-09-12,Bronze,conduit,2.4
2026-09-12,Bronze,fuse,6.2
2026-09-12,Bronze,caustic,3.7
2026-09-12,Bronze,wraith,6.2
2026-09-12,Bronze,crypto,0.9
2026-09-12,Bronze,catalyst,1.0
2026-09-12,Bronze,mirage,2.7
2026-09-12,Bronze,bloodhound,5.7
2026-09-12,Bronze,lifeline,6.1
2026-09-12,Bronze,newcastle,1.0
2026-09-12,Bronze,wattson,1.8
2026-09-12,Bronze,rampart,2.2
2026-09-12,Bronze,ash,4.4
2026-09-12,Bronze,ballistic,1.1
2026-09-13,Bronze,axle,3.6
2026-09-13,Bronze,loba,4.5
2026-09-13,Bronze,pathfinder,5.9
2026-09-13,Bronze,seer,2.4
2026-09-13,Bronze,revenant,2.8
2026-09-13,Bronze,octane,9.2
2026-09-13,Bronze,alter,2.2
2026-09-13,Bronze,mad-maggie,3.4
2026-09-13,Bronze,gibraltar,2.6
2026-09-13,Bronze,bangalore,5.3
2026-09-13,Bronze,vantage,2.3
2026-09-13,Bronze,horizon,1.3
2026-09-13,Bronze,sparrow,3.7
2026-09-13,Bronze,valkyrie,5.0
2026-09-13,Bronze,conduit,2.4
2026-09-13,Bronze,fuse,6.3
2026-09-13,Bronze,caustic,3.7
2026-09-13,Bronze,wraith,6.2
2026-09-13,Bronze,crypto,0.9
2026-09-13,Bronze,catalyst,1.0
2026-09-13,Bronze,mirage,2.7
2026-09-13,Bronze,bloodhound,5.6
2026-09-13,Bronze,lifeline,6.3
2026-09-13,Bronze,newcastle,1.0
2026-09-13,Bronze,wattson,1.7
2026-09-13,Bronze,rampart,2.2
2026-09-13,Bronze,ash,4.3
2026-09-13,Bronze,ballistic,1.1
2026-09-14,Bronze,axle,3.7
2026-09-14,Bronze,loba,4.5
2026-09-14,Bronze,pathfinder,5.9
2026-09-14,Bronze,seer,2.4
2026-09-14,Bronze,revenant,2.8
2026-09-14,Bronze,octane,9.2
2026-09-14,Bronze,alter,2.1
2026-09-14,Bronze,mad-maggie,3.4
2026-09-14,Bronze,gibraltar,2.7
2026-09-14,Bronze,bangalore,5.3
2026-09-14,Bronze,vantage,2.4
2026-09-14,Bronze,horizon,1.3
2026-09-14,Bronze,sparrow,3.7
2026-09-14,Bronze,valkyrie,5.0
2026-09-14,Bronze,conduit,2.4
2026-09-14,Bronze,fuse,6.3
2026-09-14,Bronze,caustic,3.8
2026-09-14,Bronze,wraith,6.2
2026-09-14,Bronze,crypto,0.9
2026-09-14,Bronze,catalyst,1.0
2026-09-14,Bronze,mirage,2.7
2026-09-14,Bronze,bloodhound,5.6
2026-09-14,Bronze,lifeline,6.4
2026-09-14,Bronze,newcastle,1.0
2026-09-14,Bronze,wattson,1.7
2026-09-14,Bronze,rampart,2.2
2026-09-14,Bronze,ash,4.4
2026-09-14,Bronze,ballistic,1.1
2026-09-15,Bronze,axle,3.702
2026-09-15,Bronze,loba,4.482
2026-09-15,Bronze,pathfinder,5.962
2026-09-15,Bronze,seer,2.393
2026-09-15,Bronze,revenant,2.819
2026-09-15,Bronze,octane,9.238
2026-09-15,Bronze,alter,2.08
2026-09-15,Bronze,mad-maggie,3.304
2026-09-15,Bronze,gibraltar,2.69
2026-09-15,Bronze,bangalore,5.282
2026-09-15,Bronze,vantage,2.365
2026-09-15,Bronze,horizon,1.22
2026-09-15,Bronze,sparrow,3.663
2026-09-15,Bronze,valkyrie,4.964
2026-09-15,Bronze,conduit,2.415
2026-09-15,Bronze,fuse,6.373
2026-09-15,Bronze,caustic,3.73
2026-09-15,Bronze,wraith,6.268
2026-09-15,Bronze,crypto,0.817
2026-09-15,Bronze,catalyst,1.034
2026-09-15,Bronze,mirage,2.707
2026-09-15,Bronze,bloodhound,5.617
2026-09-15,Bronze,lifeline,6.45
2026-09-15,Bronze,newcastle,1.005
2026-09-15,Bronze,wattson,1.7
2026-09-15,Bronze,rampart,2.246
2026-09-15,Bronze,ash,4.342
2026-09-15,Bronze,ballistic,1.092
2026-09-16,Bronze,axle,3.691
2026-09-16,Bronze,loba,4.454
2026-09-16,Bronze,pathfinder,6.064
2026-09-16,Bronze,seer,2.296
2026-09-16,Bronze,revenant,2.841
2026-09-16,Bronze,octane,9.296
2026-09-16,Bronze,alter,2.054
2026-09-16,Bronze,mad-maggie,3.265
2026-09-16,Bronze,gibraltar,2.721
2026-09-16,Bronze,bangalore,5.208
2026-09-16,Bronze,vantage,2.35
2026-09-16,Bronze,horizon,1.273
2026-09-16,Bronze,sparrow,3.588
2026-09-16,Bronze,valkyrie,4.957
2026-09-16,Bronze,conduit,2.365
2026-09-16,Bronze,fuse,6.27
2026-09-16,Bronze,caustic,3.741
2026-09-16,Bronze,wraith,6.272
2026-09-16,Bronze,crypto,0.845
2026-09-16,Bronze,catalyst,1.015
2026-09-16,Bronze,mirage,2.657
2026-09-16,Bronze,bloodhound,5.716
2026-09-16,Bronze,lifeline,6.566
2026-09-16,Bronze,newcastle,0.976
2026-09-16,Bronze,wattson,1.706
2026-09-16,Bronze,rampart,2.223
2026-09-16,Bronze,ash,4.385
2026-09-16,Bronze,ballistic,1.083
2026-09-17,Bronze,axle,3.727
2026-09-17,Bronze,loba,4.362
2026-09-17,Bronze,pathfinder,6.059
2026-09-17,Bronze,seer,2.409
2026-09-17,Bronze,revenant,2.977
2026-09-17,Bronze,octane,9.146
2026-09-17,Bronze,alter,2.034
2026-09-17,Bronze,mad-maggie,3.224
2026-09-17,Bronze,gibraltar,2.686
2026-09-17,Bronze,bangalore,5.1
2026-09-17,Bronze,vantage,2.327
2026-09-17,Bronze,horizon,1.299
2026-09-17,Bronze,sparrow,3.518
2026-09-17,Bronze,valkyrie,4.938
2026-09-17,Bronze,conduit,2.37
2026-09-17,Bronze,fuse,6.355
2026-09-17,Bronze,caustic,3.687
2026-09-17,Bronze,wraith,6.339
2026-09-17,Bronze,crypto,0.88
2026-09-17,Bronze,catalyst,1.117
2026-09-17,Bronze,mirage,2.713
2026-09-17,Bronze,bloodhound,5.715
2026-09-17,Bronze,lifeline,6.634
2026-09-17,Bronze,newcastle,0.958
2026-09-17,Bronze,wattson,1.636
2026-09-17,Bronze,rampart,2.244
2026-09-17,Bronze,ash,4.261
2026-09-17,Bronze,ballistic,1.082
2026-09-18,Bronze,axle,3.826
2026-09-18,Bronze,loba,4.342
2026-09-18,Bronze,pathfinder,6.059
2026-09-18,Bronze,seer,2.33
2026-09-18,Bronze,revenant,3.047
2026-09-18,Bronze,octane,9.187
2026-09-18,Bronze,alter,2.051
2026-09-18,Bronze,mad-maggie,3.228
2026-09-18,Bronze,gibraltar,2.612
2026-09-18,Bronze,bangalore,5.092
2026-09-18,Bronze,vantage,2.303
2026-09-18,Bronze,horizon,1.239
2026-09-18,Bronze,sparrow,3.547
2026-09-18,Bronze,valkyrie,4.907
2026-09-18,Bronze,conduit,2.572
2026-09-18,Bronze,fuse,6.404
2026-09-18,Bronze,caustic,3.607
2026-09-18,Bronze,wraith,6.293
2026-09-18,Bronze,crypto,0.893
2026-09-18,Bronze,catalyst,1.204
2026-09-18,Bronze,mirage,2.683
2026-09-18,Bronze,bloodhound,5.698
2026-09-18,Bronze,lifeline,6.578
2026-09-18,Bronze,newcastle,1.023
2026-09-18,Bronze,wattson,1.702
2026-09-18,Bronze,rampart,2.208
2026-09-18,Bronze,ash,4.27
2026-09-18,Bronze,ballistic,0.998
2026-09-19,Bronze,axle,3.8
2026-09-19,Bronze,loba,4.3
2026-09-19,Bronze,pathfinder,6.0
2026-09-19,Bronze,seer,2.3
2026-09-19,Bronze,revenant,3.2
2026-09-19,Bronze,octane,9.3
2026-09-19,Bronze,alter,2.0
2026-09-19,Bronze,mad-maggie,3.2
2026-09-19,Bronze,gibraltar,2.7
2026-09-19,Bronze,bangalore,5.1
2026-09-19,Bronze,vantage,2.3
2026-09-19,Bronze,horizon,1.3
2026-09-19,Bronze,sparrow,3.6
2026-09-19,Bronze,valkyrie,5.0
2026-09-19,Bronze,conduit,2.7
2026-09-19,Bronze,fuse,6.7
2026-09-19,Bronze,caustic,3.5
2026-09-19,Bronze,wraith,6.2
2026-09-19,Bronze,crypto,0.9
2026-09-19,Bronze,catalyst,1.4
2026-09-19,Bronze,mirage,2.6
2026-09-19,Bronze,bloodhound,5.6
2026-09-19,Bronze,lifeline,6.5
2026-09-19,Bronze,newcastle,1.0
2026-09-19,Bronze,wattson,1.6
2026-09-19,Bronze,rampart,2.2
2026-09-19,Bronze,ash,4.1
2026-09-19,Bronze,ballistic,1.0
2026-09-20,Bronze,axle,4.0
2026-09-20,Bronze,loba,4.3
2026-09-20,Bronze,pathfinder,6.1
2026-09-20,Bronze,seer,2.2
2026-09-20,Bronze,revenant,3.2
2026-09-20,Bronze,octane,9.3
2026-09-20,Bronze,alter,1.9
2026-09-20,Bronze,mad-maggie,3.1
2026-09-20,Bronze,gibraltar,2.7
2026-09-20,Bronze,bangalore,5.1
2026-09-20,Bronze,vantage,2.3
2026-09-20,Bronze,horizon,1.3
2026-09-20,Bronze,sparrow,3.5
2026-09-20,Bronze,valkyrie,4.9
2026-09-20,Bronze,conduit,2.8
2026-09-20,Bronze,fuse,6.8
2026-09-20,Bronze,caustic,3.4
2026-09-20,Bronze,wraith,6.1
2026-09-20,Bronze,crypto,0.9
2026-09-20,Bronze,catalyst,1.5
2026-09-20,Bronze,mirage,2.7
2026-09-20,Bronze,bloodhound,5.6
2026-09-20,Bronze,lifeline,6.5
2026-09-20,Bronze,newcastle,1.0
2026-09-20,Bronze,wattson,1.7
2026-09-20,Bronze,rampart,2.2
2026-09-20,Bronze,ash,4.1
2026-09-20,Bronze,ballistic,1.0
2026-09-21,Bronze,axle,4.0
2026-09-21,Bronze,loba,4.3
2026-09-21,Bronze,pathfinder,6.0
2026-09-21,Bronze,seer,2.3
2026-09-21,Bronze,revenant,3.3
2026-09-21,Bronze,octane,9.2
2026-09-21,Bronze,alter,2.0
2026-09-21,Bronze,mad-maggie,3.1
2026-09-21,Bronze,gibraltar,2.7
2026-09-21,Bronze,bangalore,5.1
2026-09-21,Bronze,vantage,2.3
2026-09-21,Bronze,horizon,1.2
2026-09-21,Bronze,sparrow,3.5
2026-09-21,Bronze,valkyrie,4.9
2026-09-21,Bronze,conduit,2.8
2026-09-21,Bronze,fuse,6.8
2026-09-21,Bronze,caustic,3.4
2026-09-21,Bronze,wraith,6.1
2026-09-21,Bronze,crypto,0.9
2026-09-21,Bronze,catalyst,1.6
2026-09-21,Bronze,mirage,2.6
2026-09-21,Bronze,bloodhound,5.4
2026-09-21,Bronze,lifeline,6.4
2026-09-21,Bronze,newcastle,1.0
2026-09-21,Bronze,wattson,1.7
2026-09-21,Bronze,rampart,2.3
2026-09-21,Bronze,ash,4.0
2026-09-21,Bronze,ballistic,1.0
2026-09-22,Bronze,axle,4.1
2026-09-22,Bronze,loba,4.3
2026-09-22,Bronze,pathfinder,6.0
2026-09-22,Bronze,seer,2.3
2026-09-22,Bronze,revenant,3.3
2026-09-22,Bronze,octane,9.2
2026-09-22,Bronze,alter,1.9
2026-09-22,Bronze,mad-maggie,3.0
2026-09-22,Bronze,gibraltar,2.7
2026-09-22,Bronze,bangalore,5.1
2026-09-22,Bronze,vantage,2.3
2026-09-22,Bronze,horizon,1.2
2026-09-22,Bronze,sparrow,3.6
2026-09-22,Bronze,valkyrie,4.8
2026-09-22,Bronze,conduit,2.9
2026-09-22,Bronze,fuse,6.8
2026-09-22,Bronze,caustic,3.4
2026-09-22,Bronze,wraith,6.1
2026-09-22,Bronze,crypto,0.9
2026-09-22,Bronze,catalyst,1.7
2026-09-22,Bronze,mirage,2.7
2026-09-22,Bronze,bloodhound,5.3
2026-09-22,Bronze,lifeline,6.4
2026-09-22,Bronze,newcastle,1.0
2026-09-22,Bronze,wattson,1.7
2026-09-22,Bronze,rampart,2.3
2026-09-22,Bronze,ash,4.0
2026-09-22,Bronze,ballistic,1.0
2026-09-23,Bronze,axle,4.1
2026-09-23,Bronze,loba,4.4
2026-09-23,Bronze,pathfinder,6.0
2026-09-23,Bronze,seer,2.3
2026-09-23,Bronze,revenant,3.3
2026-09-23,Bronze,octane,9.2
2026-09-23,Bronze,alter,1.9
2026-09-23,Bronze,mad-maggie,3.0
2026-09-23,Bronze,gibraltar,2.7
2026-09-23,Bronze,bangalore,5.1
2026-09-23,Bronze,vantage,2.3
2026-09-23,Bronze,horizon,1.3
2026-09-23,Bronze,sparrow,3.6
2026-09-23,Bronze,valkyrie,4.8
2026-09-23,Bronze,conduit,2.9
2026-09-23,Bronze,fuse,6.7
2026-09-23,Bronze,caustic,3.4
2026-09-23,Bronze,wraith,5.9
2026-09-23,Bronze,crypto,0.9
2026-09-23,Bronze,catalyst,1.7
2026-09-23,Bronze,mirage,2.6
2026-09-23,Bronze,bloodhound,5.2
2026-09-23,Bronze,lifeline,6.5
2026-09-23,Bronze,newcastle,1.0
2026-09-23,Bronze,wattson,1.7
2026-09-23,Bronze,rampart,2.3
2026-09-23,Bronze,ash,4.1
2026-09-23,Bronze,ballistic,1.0
2026-09-24,Bronze,axle,4.1
2026-09-24,Bronze,loba,4.4
2026-09-24,Bronze,pathfinder,6.1
2026-09-24,Bronze,seer,2.3
2026-09-24,Bronze,revenant,3.3
2026-09-24,Bronze,octane,9.4
2026-09-24,Bronze,alter,1.9
2026-09-24,Bronze,mad-maggie,3.0
2026-09-24,Bronze,gibraltar,2.7
2026-09-24,Bronze,bangalore,5.1
2026-09-24,Bronze,vantage,2.3
2026-09-24,Bronze,horizon,1.3
2026-09-24,Bronze,sparrow,3.6
2026-09-24,Bronze,valkyrie,4.7
2026-09-24,Bronze,conduit,2.8
2026-09-24,Bronze,fuse,6.7
2026-09-24,Bronze,caustic,3.4
2026-09-24,Bronze,wraith,5.9
2026-09-24,Bronze,crypto,0.9
2026-09-24,Bronze,catalyst,1.6
2026-09-24,Bronze,mirage,2.7
2026-09-24,Bronze,bloodhound,5.1
2026-09-24,Bronze,lifeline,6.5
2026-09-24,Bronze,newcastle,1.0
2026-09-24,Bronze,wattson,1.7
2026-09-24,Bronze,rampart,2.3
2026-09-24,Bronze,ash,4.0
2026-09-24,Bronze,ballistic,1.0
2026-09-25,Bronze,axle,4.2
2026-09-25,Bronze,loba,4.5
2026-09-25,Bronze,pathfinder,6.2
2026-09-25,Bronze,seer,2.3
2026-09-25,Bronze,revenant,3.2
2026-09-25,Bronze,octane,9.3
2026-09-25,Bronze,alter,2.0
2026-09-25,Bronze,mad-maggie,3.1
2026-09-25,Bronze,gibraltar,2.6
2026-09-25,Bronze,bangalore,5.0
2026-09-25,Bronze,vantage,2.3
2026-09-25,Bronze,horizon,1.2
2026-09-25,Bronze,sparrow,3.6
2026-09-25,Bronze,valkyrie,4.7
2026-09-25,Bronze,conduit,2.8
2026-09-25,Bronze,fuse,6.7
2026-09-25,Bronze,caustic,3.4
2026-09-25,Bronze,wraith,5.9
2026-09-25,Bronze,crypto,0.9
2026-09-25,Bronze,catalyst,1.5
2026-09-25,Bronze,mirage,2.7
2026-09-25,Bronze,bloodhound,5.1
2026-09-25,Bronze,lifeline,6.6
2026-09-25,Bronze,newcastle,1.1
2026-09-25,Bronze,wattson,1.8
2026-09-25,Bronze,rampart,2.2
2026-09-25,Bronze,ash,4.0
2026-09-25,Bronze,ballistic,1.0
2026-08-29,Silver,axle,5.642
2026-08-29,Silver,loba,6.375
2026-08-29,Silver,pathfinder,6.813
2026-08-29,Silver,seer,2.847
2026-08-29,Silver,revenant,2.274
2026-08-29,Silver,octane,8.078
2026-08-29,Silver,alter,2.581
2026-08-29,Silver,mad-maggie,5.102
2026-08-29,Silver,gibraltar,2.729
2026-08-29,Silver,bangalore,4.296
2026-08-29,Silver,vantage,2.301
2026-08-29,Silver,horizon,1.535
2026-08-29,Silver,sparrow,3.305
2026-08-29,Silver,valkyrie,4.465
2026-08-29,Silver,conduit,2.627
2026-08-29,Silver,fuse,5.914
2026-08-29,Silver,caustic,3.517
2026-08-29,Silver,wraith,5.849
2026-08-29,Silver,crypto,0.845
2026-08-29,Silver,catalyst,0.994
2026-08-29,Silver,mirage,2.781
2026-08-29,Silver,bloodhound,4.535
2026-08-29,Silver,lifeline,4.58
2026-08-29,Silver,newcastle,1.136
2026-08-29,Silver,wattson,2.024
2026-08-29,Silver,rampart,1.99
2026-08-29,Silver,ash,3.554
2026-08-29,Silver,ballistic,1.107
2026-08-30,Silver,axle,5.377
2026-08-30,Silver,loba,6.228
2026-08-30,Silver,pathfinder,6.839
2026-08-30,Silver,seer,2.881
2026-08-30,Silver,revenant,2.24
2026-08-30,Silver,octane,8.095
2026-08-30,Silver,alter,2.597
2026-08-30,Silver,mad-maggie,5.097
2026-08-30,Silver,gibraltar,2.772
2026-08-30,Silver,bangalore,4.263
2026-08-30,Silver,vantage,2.272
2026-08-30,Silver,horizon,1.515
2026-08-30,Silver,sparrow,3.341
2026-08-30,Silver,valkyrie,4.512
2026-08-30,Silver,conduit,2.665
2026-08-30,Silver,fuse,5.945
2026-08-30,Silver,caustic,3.629
2026-08-30,Silver,wraith,5.968
2026-08-30,Silver,crypto,0.813
2026-08-30,Silver,catalyst,0.974
2026-08-30,Silver,mirage,2.714
2026-08-30,Silver,bloodhound,4.53
2026-08-30,Silver,lifeline,4.683
2026-08-30,Silver,newcastle,1.121
2026-08-30,Silver,wattson,2.075
2026-08-30,Silver,rampart,1.965
2026-08-30,Silver,ash,3.634
2026-08-30,Silver,ballistic,1.057
2026-08-31,Silver,axle,5.202
2026-08-31,Silver,loba,6.146
2026-08-31,Silver,pathfinder,6.933
2026-08-31,Silver,seer,2.775
2026-08-31,Silver,revenant,2.282
2026-08-31,Silver,octane,8.266
2026-08-31,Silver,alter,2.675
2026-08-31,Silver,mad-maggie,5.043
2026-08-31,Silver,gibraltar,2.702
2026-08-31,Silver,bangalore,4.34
2026-08-31,Silver,vantage,2.25
2026-08-31,Silver,horizon,1.541
2026-08-31,Silver,sparrow,3.392
2026-08-31,Silver,valkyrie,4.538
2026-08-31,Silver,conduit,2.544
2026-08-31,Silver,fuse,5.943
2026-08-31,Silver,caustic,3.666
2026-08-31,Silver,wraith,6.096
2026-08-31,Silver,crypto,0.845
2026-08-31,Silver,catalyst,0.983
2026-08-31,Silver,mirage,2.743
2026-08-31,Silver,bloodhound,4.542
2026-08-31,Silver,lifeline,4.733
2026-08-31,Silver,newcastle,1.126
2026-08-31,Silver,wattson,2.089
2026-08-31,Silver,rampart,1.926
2026-08-31,Silver,ash,3.605
2026-08-31,Silver,ballistic,1.073
2026-09-01,Silver,axle,5.196
2026-09-01,Silver,loba,6.017
2026-09-01,Silver,pathfinder,6.93
2026-09-01,Silver,seer,2.787
2026-09-01,Silver,revenant,2.223
2026-09-01,Silver,octane,8.384
2026-09-01,Silver,alter,2.645
2026-09-01,Silver,mad-maggie,5.005
2026-09-01,Silver,gibraltar,2.66
2026-09-01,Silver,bangalore,4.393
2026-09-01,Silver,vantage,2.328
2026-09-01,Silver,horizon,1.518
2026-09-01,Silver,sparrow,3.395
2026-09-01,Silver,valkyrie,4.556
2026-09-01,Silver,conduit,2.552
2026-09-01,Silver,fuse,5.977
2026-09-01,Silver,caustic,3.682
2026-09-01,Silver,wraith,6.086
2026-09-01,Silver,crypto,0.856
2026-09-01,Silver,catalyst,0.972
2026-09-01,Silver,mirage,2.735
2026-09-01,Silver,bloodhound,4.48
2026-09-01,Silver,lifeline,4.718
2026-09-01,Silver,newcastle,1.134
2026-09-01,Silver,wattson,2.113
2026-09-01,Silver,rampart,1.97
2026-09-01,Silver,ash,3.709
2026-09-01,Silver,ballistic,1.08
2026-09-02,Silver,axle,5.149
2026-09-02,Silver,loba,6.069
2026-09-02,Silver,pathfinder,6.943
2026-09-02,Silver,seer,2.732
2026-09-02,Silver,revenant,2.212
2026-09-02,Silver,octane,8.411
2026-09-02,Silver,alter,2.68
2026-09-02,Silver,mad-maggie,5.005
2026-09-02,Silver,gibraltar,2.668
2026-09-02,Silver,bangalore,4.378
2026-09-02,Silver,vantage,2.199
2026-09-02,Silver,horizon,1.541
2026-09-02,Silver,sparrow,3.379
2026-09-02,Silver,valkyrie,4.597
2026-09-02,Silver,conduit,2.556
2026-09-02,Silver,fuse,6.065
2026-09-02,Silver,caustic,3.659
2026-09-02,Silver,wraith,6.069
2026-09-02,Silver,crypto,0.858
2026-09-02,Silver,catalyst,0.963
2026-09-02,Silver,mirage,2.741
2026-09-02,Silver,bloodhound,4.322
2026-09-02,Silver,lifeline,4.76
2026-09-02,Silver,newcastle,1.131
2026-09-02,Silver,wattson,2.091
2026-09-02,Silver,rampart,1.947
2026-09-02,Silver,ash,3.8
2026-09-02,Silver,ballistic,1.074
2026-09-03,Silver,axle,5.099
2026-09-03,Silver,loba,5.973
2026-09-03,Silver,pathfinder,6.969
2026-09-03,Silver,seer,2.832
2026-09-03,Silver,revenant,2.183
2026-09-03,Silver,octane,8.382
2026-09-03,Silver,alter,2.71
2026-09-03,Silver,mad-maggie,5.049
2026-09-03,Silver,gibraltar,2.653
2026-09-03,Silver,bangalore,4.357
2026-09-03,Silver,vantage,2.242
2026-09-03,Silver,horizon,1.509
2026-09-03,Silver,sparrow,3.492
2026-09-03,Silver,valkyrie,4.599
2026-09-03,Silver,conduit,2.592
2026-09-03,Silver,fuse,6.137
2026-09-03,Silver,caustic,3.621
2026-09-03,Silver,wraith,6.128
2026-09-03,Silver,crypto,0.882
2026-09-03,Silver,catalyst,0.908
2026-09-03,Silver,mirage,2.754
2026-09-03,Silver,bloodhound,4.337
2026-09-03,Silver,lifeline,4.765
2026-09-03,Silver,newcastle,1.182
2026-09-03,Silver,wattson,2.08
2026-09-03,Silver,rampart,1.913
2026-09-03,Silver,ash,3.776
2026-09-03,Silver,ballistic,0.971
2026-09-04,Silver,axle,5.124
2026-09-04,Silver,loba,5.897
2026-09-04,Silver,pathfinder,7.008
2026-09-04,Silver,seer,2.742
2026-09-04,Silver,revenant,2.168
2026-09-04,Silver,octane,8.541
2026-09-04,Silver,alter,2.733
2026-09-04,Silver,mad-maggie,5.033
2026-09-04,Silver,gibraltar,2.584
2026-09-04,Silver,bangalore,4.376
2026-09-04,Silver,vantage,2.202
2026-09-04,Silver,horizon,1.51
2026-09-04,Silver,sparrow,3.435
2026-09-04,Silver,valkyrie,4.583
2026-09-04,Silver,conduit,2.594
2026-09-04,Silver,fuse,6.103
2026-09-04,Silver,caustic,3.691
2026-09-04,Silver,wraith,6.161
2026-09-04,Silver,crypto,0.86
2026-09-04,Silver,catalyst,0.934
2026-09-04,Silver,mirage,2.782
2026-09-04,Silver,bloodhound,4.201
2026-09-04,Silver,lifeline,4.77
2026-09-04,Silver,newcastle,1.164
2026-09-04,Silver,wattson,2.069
2026-09-04,Silver,rampart,1.911
2026-09-04,Silver,ash,3.738
2026-09-04,Silver,ballistic,0.968
2026-09-05,Silver,axle,5.1
2026-09-05,Silver,loba,5.8
2026-09-05,Silver,pathfinder,7.0
2026-09-05,Silver,seer,2.7
2026-09-05,Silver,revenant,2.2
2026-09-05,Silver,octane,8.6
2026-09-05,Silver,alter,2.7
2026-09-05,Silver,mad-maggie,5.0
2026-09-05,Silver,gibraltar,2.6
2026-09-05,Silver,bangalore,4.5
2026-09-05,Silver,vantage,2.2
2026-09-05,Silver,horizon,1.5
2026-09-05,Silver,sparrow,3.5
2026-09-05,Silver,valkyrie,4.6
2026-09-05,Silver,conduit,2.6
2026-09-05,Silver,fuse,6.2
2026-09-05,Silver,caustic,3.7
2026-09-05,Silver,wraith,6.1
2026-09-05,Silver,crypto,0.9
2026-09-05,Silver,catalyst,1.0
2026-09-05,Silver,mirage,2.8
2026-09-05,Silver,bloodhound,4.2
2026-09-05,Silver,lifeline,4.7
2026-09-05,Silver,newcastle,1.1
2026-09-05,Silver,wattson,2.0
2026-09-05,Silver,rampart,1.8
2026-09-05,Silver,ash,3.7
2026-09-05,Silver,ballistic,1.0
2026-09-06,Silver,axle,5.1
2026-09-06,Silver,loba,5.7
2026-09-06,Silver,pathfinder,7.0
2026-09-06,Silver,seer,2.7
2026-09-06,Silver,revenant,2.2
2026-09-06,Silver,octane,8.6
2026-09-06,Silver,alter,2.6
2026-09-06,Silver,mad-maggie,5.0
2026-09-06,Silver,gibraltar,2.6
2026-09-06,Silver,bangalore,4.5
2026-09-06,Silver,vantage,2.2
2026-09-06,Silver,horizon,1.5
2026-09-06,Silver,sparrow,3.5
2026-09-06,Silver,valkyrie,4.6
2026-09-06,Silver,conduit,2.7
2026-09-06,Silver,fuse,6.3
2026-09-06,Silver,caustic,3.7
2026-09-06,Silver,wraith,6.1
2026-09-06,Silver,crypto,0.9
2026-09-06,Silver,catalyst,1.0
2026-09-06,Silver,mirage,2.8
2026-09-06,Silver,bloodhound,4.1
2026-09-06,Silver,lifeline,4.7
2026-09-06,Silver,newcastle,1.1
2026-09-06,Silver,wattson,2.0
2026-09-06,Silver,rampart,1.8
2026-09-06,Silver,ash,3.8
2026-09-06,Silver,ballistic,1.0
2026-09-07,Silver,axle,5.1
2026-09-07,Silver,loba,5.6
2026-09-07,Silver,pathfinder,7.0
2026-09-07,Silver,seer,2.6
2026-09-07,Silver,revenant,2.3
2026-09-07,Silver,octane,8.6
2026-09-07,Silver,alter,2.7
2026-09-07,Silver,mad-maggie,5.0
2026-09-07,Silver,gibraltar,2.6
2026-09-07,Silver,bangalore,4.6
2026-09-07,Silver,vantage,2.2
2026-09-07,Silver,horizon,1.6
2026-09-07,Silver,sparrow,3.5
2026-09-07,Silver,valkyrie,4.6
2026-09-07,Silver,conduit,2.7
2026-09-07,Silver,fuse,6.3
2026-09-07,Silver,caustic,3.7
2026-09-07,Silver,wraith,6.2
2026-09-07,Silver,crypto,0.9
2026-09-07,Silver,catalyst,1.0
2026-09-07,Silver,mirage,2.8
2026-09-07,Silver,bloodhound,4.1
2026-09-07,Silver,lifeline,4.7
2026-09-07,Silver,newcastle,1.1
2026-09-07,Silver,wattson,2.0
2026-09-07,Silver,rampart,1.8
2026-09-07,Silver,ash,3.7
2026-09-07,Silver,ballistic,1.0
2026-09-08,Silver,axle,5.1
2026-09-08,Silver,loba,5.4
2026-09-08,Silver,pathfinder,7.0
2026-09-08,Silver,seer,2.6
2026-09-08,Silver,revenant,2.3
2026-09-08,Silver,octane,8.7
2026-09-08,Silver,alter,2.7
2026-09-08,Silver,mad-maggie,5.0
2026-09-08,Silver,gibraltar,2.5
2026-09-08,Silver,bangalore,4.6
2026-09-08,Silver,vantage,2.3
2026-09-08,Silver,horizon,1.6
2026-09-08,Silver,sparrow,3.5
2026-09-08,Silver,valkyrie,4.6
2026-09-08,Silver,conduit,2.7
2026-09-08,Silver,fuse,6.3
2026-09-08,Silver,caustic,3.7
2026-09-08,Silver,wraith,6.3
2026-09-08,Silver,crypto,0.9
2026-09-08,Silver,catalyst,1.0
2026-09-08,Silver,mirage,2.8
2026-09-08,Silver,bloodhound,4.1
2026-09-08,Silver,lifeline,4.8
2026-09-08,Silver,newcastle,1.1
2026-09-08,Silver,wattson,2.0
2026-09-08,Silver,rampart,1.8
2026-09-08,Silver,ash,3.7
2026-09-08,Silver,ballistic,1.0
2026-09-09,Silver,axle,5.1
2026-09-09,Silver,loba,5.4
2026-09-09,Silver,pathfinder,7.1
2026-09-09,Silver,seer,2.5
2026-09-09,Silver,revenant,2.3
2026-09-09,Silver,octane,8.7
2026-09-09,Silver,alter,2.7
2026-09-09,Silver,mad-maggie,4.9
2026-09-09,Silver,gibraltar,2.5
2026-09-09,Silver,bangalore,4.6
2026-09-09,Silver,vantage,2.2
2026-09-09,Silver,horizon,1.6
2026-09-09,Silver,sparrow,3.5
2026-09-09,Silver,valkyrie,4.7
2026-09-09,Silver,conduit,2.7
2026-09-09,Silver,fuse,6.3
2026-09-09,Silver,caustic,3.7
2026-09-09,Silver,wraith,6.3
2026-09-09,Silver,crypto,0.9
2026-09-09,Silver,catalyst,1.0
2026-09-09,Silver,mirage,2.8
2026-09-09,Silver,bloodhound,4.0
2026-09-09,Silver,lifeline,4.8
2026-09-09,Silver,newcastle,1.1
2026-09-09,Silver,wattson,2.0
2026-09-09,Silver,rampart,1.8
2026-09-09,Silver,ash,3.8
2026-09-09,Silver,ballistic,1.0
2026-09-10,Silver,axle,5.1
2026-09-10,Silver,loba,5.4
2026-09-10,Silver,pathfinder,7.2
2026-09-10,Silver,seer,2.6
2026-09-10,Silver,revenant,2.3
2026-09-10,Silver,octane,8.6
2026-09-10,Silver,alter,2.7
2026-09-10,Silver,mad-maggie,4.8
2026-09-10,Silver,gibraltar,2.5
2026-09-10,Silver,bangalore,4.6
2026-09-10,Silver,vantage,2.3
2026-09-10,Silver,horizon,1.6
2026-09-10,Silver,sparrow,3.6
2026-09-10,Silver,valkyrie,4.7
2026-09-10,Silver,conduit,2.7
2026-09-10,Silver,fuse,6.5
2026-09-10,Silver,caustic,3.6
2026-09-10,Silver,wraith,6.3
2026-09-10,Silver,crypto,0.9
2026-09-10,Silver,catalyst,0.9
2026-09-10,Silver,mirage,2.8
2026-09-10,Silver,bloodhound,4.0
2026-09-10,Silver,lifeline,4.8
2026-09-10,Silver,newcastle,1.1
2026-09-10,Silver,wattson,2.0
2026-09-10,Silver,rampart,1.8
2026-09-10,Silver,ash,3.8
2026-09-10,Silver,ballistic,0.9
2026-09-11,Silver,axle,5.1
2026-09-11,Silver,loba,5.4
2026-09-11,Silver,pathfinder,7.3
2026-09-11,Silver,seer,2.5
2026-09-11,Silver,revenant,2.3
2026-09-11,Silver,octane,8.7
2026-09-11,Silver,alter,2.7
2026-09-11,Silver,mad-maggie,4.8
2026-09-11,Silver,gibraltar,2.4
2026-09-11,Silver,bangalore,4.6
2026-09-11,Silver,vantage,2.3
2026-09-11,Silver,horizon,1.6
2026-09-11,Silver,sparrow,3.5
2026-09-11,Silver,valkyrie,4.7
2026-09-11,Silver,conduit,2.7
2026-09-11,Silver,fuse,6.6
2026-09-11,Silver,caustic,3.6
2026-09-11,Silver,wraith,6.3
2026-09-11,Silver,crypto,0.8
2026-09-11,Silver,catalyst,0.9
2026-09-11,Silver,mirage,2.8
2026-09-11,Silver,bloodhound,3.9
2026-09-11,Silver,lifeline,4.8
2026-09-11,Silver,newcastle,1.1
2026-09-11,Silver,wattson,2.0
2026-09-11,Silver,rampart,1.8
2026-09-11,Silver,ash,3.8
2026-09-11,Silver,ballistic,0.9
2026-09-12,Silver,axle,5.1
2026-09-12,Silver,loba,5.4
2026-09-12,Silver,pathfinder,7.4
2026-09-12,Silver,seer,2.5
2026-09-12,Silver,revenant,2.3
2026-09-12,Silver,octane,8.8
2026-09-12,Silver,alter,2.6
2026-09-12,Silver,mad-maggie,4.9
2026-09-12,Silver,gibraltar,2.3
2026-09-12,Silver,bangalore,4.7
2026-09-12,Silver,vantage,2.3
2026-09-12,Silver,horizon,1.5
2026-09-12,Silver,sparrow,3.5
2026-09-12,Silver,valkyrie,4.6
2026-09-12,Silver,conduit,2.7
2026-09-12,Silver,fuse,6.5
2026-09-12,Silver,caustic,3.5
2026-09-12,Silver,wraith,6.2
2026-09-12,Silver,crypto,0.8
2026-09-12,Silver,catalyst,0.9
2026-09-12,Silver,mirage,2.8
2026-09-12,Silver,bloodhound,3.9
2026-09-12,Silver,lifeline,4.9
2026-09-12,Silver,newcastle,1.1
2026-09-12,Silver,wattson,2.0
2026-09-12,Silver,rampart,1.8
2026-09-12,Silver,ash,3.8
2026-09-12,Silver,ballistic,0.9
2026-09-13,Silver,axle,5.1
2026-09-13,Silver,loba,5.4
2026-09-13,Silver,pathfinder,7.3
2026-09-13,Silver,seer,2.5
2026-09-13,Silver,revenant,2.3
2026-09-13,Silver,octane,8.7
2026-09-13,Silver,alter,2.7
2026-09-13,Silver,mad-maggie,4.8
2026-09-13,Silver,gibraltar,2.3
2026-09-13,Silver,bangalore,4.7
2026-09-13,Silver,vantage,2.3
2026-09-13,Silver,horizon,1.5
2026-09-13,Silver,sparrow,3.5
2026-09-13,Silver,valkyrie,4.6
2026-09-13,Silver,conduit,2.7
2026-09-13,Silver,fuse,6.5
2026-09-13,Silver,caustic,3.6
2026-09-13,Silver,wraith,6.2
2026-09-13,Silver,crypto,0.9
2026-09-13,Silver,catalyst,0.9
2026-09-13,Silver,mirage,2.8
2026-09-13,Silver,bloodhound,3.9
2026-09-13,Silver,lifeline,5.1
2026-09-13,Silver,newcastle,1.1
2026-09-13,Silver,wattson,2.0
2026-09-13,Silver,rampart,1.8
2026-09-13,Silver,ash,3.8
2026-09-13,Silver,ballistic,0.9
2026-09-14,Silver,axle,5.1
2026-09-14,Silver,loba,5.4
2026-09-14,Silver,pathfinder,7.4
2026-09-14,Silver,seer,2.5
2026-09-14,Silver,revenant,2.2
2026-09-14,Silver,octane,8.7
2026-09-14,Silver,alter,2.6
2026-09-14,Silver,mad-maggie,4.7
2026-09-14,Silver,gibraltar,2.4
2026-09-14,Silver,bangalore,4.7
2026-09-14,Silver,vantage,2.3
2026-09-14,Silver,horizon,1.5
2026-09-14,Silver,sparrow,3.5
2026-09-14,Silver,valkyrie,4.6
2026-09-14,Silver,conduit,2.6
2026-09-14,Silver,fuse,6.6
2026-09-14,Silver,caustic,3.5
2026-09-14,Silver,wraith,6.1
2026-09-14,Silver,crypto,0.9
2026-09-14,Silver,catalyst,0.9
2026-09-14,Silver,mirage,2.9
2026-09-14,Silver,bloodhound,3.8
2026-09-14,Silver,lifeline,5.1
2026-09-14,Silver,newcastle,1.1
2026-09-14,Silver,wattson,2.0
2026-09-14,Silver,rampart,1.8
2026-09-14,Silver,ash,3.8
2026-09-14,Silver,ballistic,0.9
2026-09-15,Silver,axle,5.145
2026-09-15,Silver,loba,5.394
2026-09-15,Silver,pathfinder,7.413
2026-09-15,Silver,seer,2.522
2026-09-15,Silver,revenant,2.218
2026-09-15,Silver,octane,8.674
2026-09-15,Silver,alter,2.683
2026-09-15,Silver,mad-maggie,4.746
2026-09-15,Silver,gibraltar,2.345
2026-09-15,Silver,bangalore,4.797
2026-09-15,Silver,vantage,2.314
2026-09-15,Silver,horizon,1.478
2026-09-15,Silver,sparrow,3.498
2026-09-15,Silver,valkyrie,4.548
2026-09-15,Silver,conduit,2.623
2026-09-15,Silver,fuse,6.555
2026-09-15,Silver,caustic,3.512
2026-09-15,Silver,wraith,6.157
2026-09-15,Silver,crypto,0.852
2026-09-15,Silver,catalyst,0.929
2026-09-15,Silver,mirage,2.88
2026-09-15,Silver,bloodhound,3.855
2026-09-15,Silver,lifeline,5.132
2026-09-15,Silver,newcastle,1.103
2026-09-15,Silver,wattson,2.002
2026-09-15,Silver,rampart,1.738
2026-09-15,Silver,ash,3.853
2026-09-15,Silver,ballistic,0.937
2026-09-16,Silver,axle,5.091
2026-09-16,Silver,loba,5.469
2026-09-16,Silver,pathfinder,7.453
2026-09-16,Silver,seer,2.498
2026-09-16,Silver,revenant,2.14
2026-09-16,Silver,octane,8.776
2026-09-16,Silver,alter,2.649
2026-09-16,Silver,mad-maggie,4.684
2026-09-16,Silver,gibraltar,2.417
2026-09-16,Silver,bangalore,4.72
2026-09-16,Silver,vantage,2.276
2026-09-16,Silver,horizon,1.545
2026-09-16,Silver,sparrow,3.51
2026-09-16,Silver,valkyrie,4.517
2026-09-16,Silver,conduit,2.651
2026-09-16,Silver,fuse,6.542
2026-09-16,Silver,caustic,3.489
2026-09-16,Silver,wraith,6.179
2026-09-16,Silver,crypto,0.86
2026-09-16,Silver,catalyst,0.971
2026-09-16,Silver,mirage,2.817
2026-09-16,Silver,bloodhound,3.877
2026-09-16,Silver,lifeline,5.148
2026-09-16,Silver,newcastle,1.078
2026-09-16,Silver,wattson,2.022
2026-09-16,Silver,rampart,1.729
2026-09-16,Silver,ash,3.866
2026-09-16,Silver,ballistic,0.952
2026-09-17,Silver,axle,5.155
2026-09-17,Silver,loba,5.266
2026-09-17,Silver,pathfinder,7.434
2026-09-17,Silver,seer,2.475
2026-09-17,Silver,revenant,2.186
2026-09-17,Silver,octane,8.818
2026-09-17,Silver,alter,2.615
2026-09-17,Silver,mad-maggie,4.607
2026-09-17,Silver,gibraltar,2.331
2026-09-17,Silver,bangalore,4.726
2026-09-17,Silver,vantage,2.279
2026-09-17,Silver,horizon,1.523
2026-09-17,Silver,sparrow,3.563
2026-09-17,Silver,valkyrie,4.455
2026-09-17,Silver,conduit,2.838
2026-09-17,Silver,fuse,6.628
2026-09-17,Silver,caustic,3.442
2026-09-17,Silver,wraith,6.176
2026-09-17,Silver,crypto,0.943
2026-09-17,Silver,catalyst,1.145
2026-09-17,Silver,mirage,2.883
2026-09-17,Silver,bloodhound,3.876
2026-09-17,Silver,lifeline,5.077
2026-09-17,Silver,newcastle,1.081
2026-09-17,Silver,wattson,2.002
2026-09-17,Silver,rampart,1.714
2026-09-17,Silver,ash,3.786
2026-09-17,Silver,ballistic,0.879
2026-09-18,Silver,axle,5.174
2026-09-18,Silver,loba,5.149
2026-09-18,Silver,pathfinder,7.409
2026-09-18,Silver,seer,2.518
2026-09-18,Silver,revenant,2.312
2026-09-18,Silver,octane,8.815
2026-09-18,Silver,alter,2.592
2026-09-18,Silver,mad-maggie,4.514
2026-09-18,Silver,gibraltar,2.355
2026-09-18,Silver,bangalore,4.749
2026-09-18,Silver,vantage,2.369
2026-09-18,Silver,horizon,1.536
2026-09-18,Silver,sparrow,3.605
2026-09-18,Silver,valkyrie,4.456
2026-09-18,Silver,conduit,3.059
2026-09-18,Silver,fuse,6.631
2026-09-18,Silver,caustic,3.289
2026-09-18,Silver,wraith,6.21
2026-09-18,Silver,crypto,0.939
2026-09-18,Silver,catalyst,1.307
2026-09-18,Silver,mirage,2.852
2026-09-18,Silver,bloodhound,3.779
2026-09-18,Silver,lifeline,5.127
2026-09-18,Silver,newcastle,1.131
2026-09-18,Silver,wattson,2.027
2026-09-18,Silver,rampart,1.758
2026-09-18,Silver,ash,3.657
2026-09-18,Silver,ballistic,0.88
2026-09-19,Silver,axle,5.1
2026-09-19,Silver,loba,5.1
2026-09-19,Silver,pathfinder,7.3
2026-09-19,Silver,seer,2.5
2026-09-19,Silver,revenant,2.4
2026-09-19,Silver,octane,8.7
2026-09-19,Silver,alter,2.5
2026-09-19,Silver,mad-maggie,4.4
2026-09-19,Silver,gibraltar,2.4
2026-09-19,Silver,bangalore,4.7
2026-09-19,Silver,vantage,2.4
2026-09-19,Silver,horizon,1.5
2026-09-19,Silver,sparrow,3.6
2026-09-19,Silver,valkyrie,4.4
2026-09-19,Silver,conduit,3.3
2026-09-19,Silver,fuse,6.8
2026-09-19,Silver,caustic,3.2
2026-09-19,Silver,wraith,6.2
2026-09-19,Silver,crypto,0.9
2026-09-19,Silver,catalyst,1.5
2026-09-19,Silver,mirage,2.8
2026-09-19,Silver,bloodhound,3.6
2026-09-19,Silver,lifeline,5.1
2026-09-19,Silver,newcastle,1.1
2026-09-19,Silver,wattson,2.1
2026-09-19,Silver,rampart,1.7
2026-09-19,Silver,ash,3.7
2026-09-19,Silver,ballistic,0.9
2026-09-20,Silver,axle,5.2
2026-09-20,Silver,loba,5.0
2026-09-20,Silver,pathfinder,7.3
2026-09-20,Silver,seer,2.5
2026-09-20,Silver,revenant,2.5
2026-09-20,Silver,octane,8.8
2026-09-20,Silver,alter,2.4
2026-09-20,Silver,mad-maggie,4.3
2026-09-20,Silver,gibraltar,2.3
2026-09-20,Silver,bangalore,4.7
2026-09-20,Silver,vantage,2.4
2026-09-20,Silver,horizon,1.6
2026-09-20,Silver,sparrow,3.6
2026-09-20,Silver,valkyrie,4.4
2026-09-20,Silver,conduit,3.5
2026-09-20,Silver,fuse,6.9
2026-09-20,Silver,caustic,3.1
2026-09-20,Silver,wraith,6.2
2026-09-20,Silver,crypto,0.9
2026-09-20,Silver,catalyst,1.7
2026-09-20,Silver,mirage,2.8
2026-09-20,Silver,bloodhound,3.6
2026-09-20,Silver,lifeline,4.9
2026-09-20,Silver,newcastle,1.1
2026-09-20,Silver,wattson,2.0
2026-09-20,Silver,rampart,1.7
2026-09-20,Silver,ash,3.7
2026-09-20,Silver,ballistic,0.9
2026-09-21,Silver,axle,5.2
2026-09-21,Silver,loba,4.9
2026-09-21,Silver,pathfinder,7.3
2026-09-21,Silver,seer,2.5
2026-09-21,Silver,revenant,2.6
2026-09-21,Silver,octane,8.8
2026-09-21,Silver,alter,2.4
2026-09-21,Silver,mad-maggie,4.4
2026-09-21,Silver,gibraltar,2.3
2026-09-21,Silver,bangalore,4.7
2026-09-21,Silver,vantage,2.5
2026-09-21,Silver,horizon,1.5
2026-09-21,Silver,sparrow,3.6
2026-09-21,Silver,valkyrie,4.4
2026-09-21,Silver,conduit,3.6
2026-09-21,Silver,fuse,6.9
2026-09-21,Silver,caustic,3.0
2026-09-21,Silver,wraith,6.1
2026-09-21,Silver,crypto,0.9
2026-09-21,Silver,catalyst,1.8
2026-09-21,Silver,mirage,2.7
2026-09-21,Silver,bloodhound,3.6
2026-09-21,Silver,lifeline,4.9
2026-09-21,Silver,newcastle,1.1
2026-09-21,Silver,wattson,2.0
2026-09-21,Silver,rampart,1.7
2026-09-21,Silver,ash,3.7
2026-09-21,Silver,ballistic,0.9
2026-09-22,Silver,axle,5.3
2026-09-22,Silver,loba,4.9
2026-09-22,Silver,pathfinder,7.3
2026-09-22,Silver,seer,2.5
2026-09-22,Silver,revenant,2.7
2026-09-22,Silver,octane,8.7
2026-09-22,Silver,alter,2.4
2026-09-22,Silver,mad-maggie,4.4
2026-09-22,Silver,gibraltar,2.3
2026-09-22,Silver,bangalore,4.7
2026-09-22,Silver,vantage,2.5
2026-09-22,Silver,horizon,1.5
2026-09-22,Silver,sparrow,3.6
2026-09-22,Silver,valkyrie,4.3
2026-09-22,Silver,conduit,3.7
2026-09-22,Silver,fuse,6.9
2026-09-22,Silver,caustic,3.0
2026-09-22,Silver,wraith,6.1
2026-09-22,Silver,crypto,0.8
2026-09-22,Silver,catalyst,1.9
2026-09-22,Silver,mirage,2.7
2026-09-22,Silver,bloodhound,3.5
2026-09-22,Silver,lifeline,5.0
2026-09-22,Silver,newcastle,1.1
2026-09-22,Silver,wattson,1.9
2026-09-22,Silver,rampart,1.7
2026-09-22,Silver,ash,3.6
2026-09-22,Silver,ballistic,0.9
2026-09-23,Silver,axle,5.3
2026-09-23,Silver,loba,5.0
2026-09-23,Silver,pathfinder,7.3
2026-09-23,Silver,seer,2.5
2026-09-23,Silver,revenant,2.7
2026-09-23,Silver,octane,8.7
2026-09-23,Silver,alter,2.4
2026-09-23,Silver,mad-maggie,4.4
2026-09-23,Silver,gibraltar,2.4
2026-09-23,Silver,bangalore,4.7
2026-09-23,Silver,vantage,2.5
2026-09-23,Silver,horizon,1.5
2026-09-23,Silver,sparrow,3.6
2026-09-23,Silver,valkyrie,4.3
2026-09-23,Silver,conduit,3.7
2026-09-23,Silver,fuse,6.9
2026-09-23,Silver,caustic,3.0
2026-09-23,Silver,wraith,6.0
2026-09-23,Silver,crypto,0.8
2026-09-23,Silver,catalyst,1.9
2026-09-23,Silver,mirage,2.7
2026-09-23,Silver,bloodhound,3.4
2026-09-23,Silver,lifeline,5.0
2026-09-23,Silver,newcastle,1.1
2026-09-23,Silver,wattson,1.9
2026-09-23,Silver,rampart,1.7
2026-09-23,Silver,ash,3.6
2026-09-23,Silver,ballistic,0.9
2026-09-24,Silver,axle,5.4
2026-09-24,Silver,loba,5.0
2026-09-24,Silver,pathfinder,7.4
2026-09-24,Silver,seer,2.5
2026-09-24,Silver,revenant,2.7
2026-09-24,Silver,octane,8.8
2026-09-24,Silver,alter,2.4
2026-09-24,Silver,mad-maggie,4.3
2026-09-24,Silver,gibraltar,2.4
2026-09-24,Silver,bangalore,4.7
2026-09-24,Silver,vantage,2.5
2026-09-24,Silver,horizon,1.5
2026-09-24,Silver,sparrow,3.6
2026-09-24,Silver,valkyrie,4.2
2026-09-24,Silver,conduit,3.6
2026-09-24,Silver,fuse,6.8
2026-09-24,Silver,caustic,3.0
2026-09-24,Silver,wraith,6.0
2026-09-24,Silver,crypto,0.9
2026-09-24,Silver,catalyst,1.9
2026-09-24,Silver,mirage,2.8
2026-09-24,Silver,bloodhound,3.4
2026-09-24,Silver,lifeline,5.0
2026-09-24,Silver,newcastle,1.1
2026-09-24,Silver,wattson,1.9
2026-09-24,Silver,rampart,1.7
2026-09-24,Silver,ash,3.6
2026-09-24,Silver,ballistic,0.8
2026-09-25,Silver,axle,5.5
2026-09-25,Silver,loba,5.0
2026-09-25,Silver,pathfinder,7.5
2026-09-25,Silver,seer,2.6
2026-09-25,Silver,revenant,2.7
2026-09-25,Silver,octane,8.8
2026-09-25,Silver,alter,2.4
2026-09-25,Silver,mad-maggie,4.3
2026-09-25,Silver,gibraltar,2.4
2026-09-25,Silver,bangalore,4.7
2026-09-25,Silver,vantage,2.6
2026-09-25,Silver,horizon,1.5
2026-09-25,Silver,sparrow,3.7
2026-09-25,Silver,valkyrie,4.3
2026-09-25,Silver,conduit,3.5
2026-09-25,Silver,fuse,6.7
2026-09-25,Silver,caustic,2.9
2026-09-25,Silver,wraith,6.0
2026-09-25,Silver,crypto,0.9
2026-09-25,Silver,catalyst,1.8
2026-09-25,Silver,mirage,2.8
2026-09-25,Silver,bloodhound,3.3
2026-09-25,Silver,lifeline,5.1
2026-09-25,Silver,newcastle,1.2
2026-09-25,Silver,wattson,1.9
2026-09-25,Silver,rampart,1.8
2026-09-25,Silver,ash,3.5
2026-09-25,Silver,ballistic,0.8
2026-08-29,Gold,axle,7.213
2026-08-29,Gold,loba,8.276
2026-08-29,Gold,pathfinder,8.388
2026-08-29,Gold,seer,3.056
2026-08-29,Gold,revenant,1.734
2026-08-29,Gold,octane,6.692
2026-08-29,Gold,alter,3.017
2026-08-29,Gold,mad-maggie,6.746
2026-08-29,Gold,gibraltar,2.919
2026-08-29,Gold,bangalore,3.95
2026-08-29,Gold,vantage,2.281
2026-08-29,Gold,horizon,1.367
2026-08-29,Gold,sparrow,3.364
2026-08-29,Gold,valkyrie,3.969
2026-08-29,Gold,conduit,2.612
2026-08-29,Gold,fuse,6.883
2026-08-29,Gold,caustic,3.743
2026-08-29,Gold,wraith,5.411
2026-08-29,Gold,crypto,0.698
2026-08-29,Gold,catalyst,0.867
2026-08-29,Gold,mirage,2.376
2026-08-29,Gold,bloodhound,2.45
2026-08-29,Gold,lifeline,3.221
2026-08-29,Gold,newcastle,1.224
2026-08-29,Gold,wattson,2.395
2026-08-29,Gold,rampart,1.709
2026-08-29,Gold,ash,2.722
2026-08-29,Gold,ballistic,0.825
2026-08-30,Gold,axle,6.847
2026-08-30,Gold,loba,8.031
2026-08-30,Gold,pathfinder,8.324
2026-08-30,Gold,seer,2.976
2026-08-30,Gold,revenant,1.716
2026-08-30,Gold,octane,6.79
2026-08-30,Gold,alter,3.108
2026-08-30,Gold,mad-maggie,6.655
2026-08-30,Gold,gibraltar,2.869
2026-08-30,Gold,bangalore,3.926
2026-08-30,Gold,vantage,2.267
2026-08-30,Gold,horizon,1.437
2026-08-30,Gold,sparrow,3.46
2026-08-30,Gold,valkyrie,4.004
2026-08-30,Gold,conduit,2.72
2026-08-30,Gold,fuse,6.982
2026-08-30,Gold,caustic,3.821
2026-08-30,Gold,wraith,5.418
2026-08-30,Gold,crypto,0.705
2026-08-30,Gold,catalyst,0.883
2026-08-30,Gold,mirage,2.324
2026-08-30,Gold,bloodhound,2.462
2026-08-30,Gold,lifeline,3.378
2026-08-30,Gold,newcastle,1.207
2026-08-30,Gold,wattson,2.461
2026-08-30,Gold,rampart,1.749
2026-08-30,Gold,ash,2.696
2026-08-30,Gold,ballistic,0.877
2026-08-31,Gold,axle,6.557
2026-08-31,Gold,loba,7.873
2026-08-31,Gold,pathfinder,8.387
2026-08-31,Gold,seer,2.93
2026-08-31,Gold,revenant,1.724
2026-08-31,Gold,octane,6.832
2026-08-31,Gold,alter,3.128
2026-08-31,Gold,mad-maggie,6.653
2026-08-31,Gold,gibraltar,2.872
2026-08-31,Gold,bangalore,3.977
2026-08-31,Gold,vantage,2.344
2026-08-31,Gold,horizon,1.419
2026-08-31,Gold,sparrow,3.499
2026-08-31,Gold,valkyrie,4.051
2026-08-31,Gold,conduit,2.708
2026-08-31,Gold,fuse,7.023
2026-08-31,Gold,caustic,3.859
2026-08-31,Gold,wraith,5.446
2026-08-31,Gold,crypto,0.703
2026-08-31,Gold,catalyst,0.867
2026-08-31,Gold,mirage,2.332
2026-08-31,Gold,bloodhound,2.381
2026-08-31,Gold,lifeline,3.456
2026-08-31,Gold,newcastle,1.208
2026-08-31,Gold,wattson,2.474
2026-08-31,Gold,rampart,1.749
2026-08-31,Gold,ash,2.764
2026-08-31,Gold,ballistic,0.789
2026-09-01,Gold,axle,6.419
2026-09-01,Gold,loba,7.72
2026-09-01,Gold,pathfinder,8.366
2026-09-01,Gold,seer,2.929
2026-09-01,Gold,revenant,1.725
2026-09-01,Gold,octane,6.9
2026-09-01,Gold,alter,3.065
2026-09-01,Gold,mad-maggie,6.645
2026-09-01,Gold,gibraltar,2.756
2026-09-01,Gold,bangalore,4.046
2026-09-01,Gold,vantage,2.395
2026-09-01,Gold,horizon,1.425
2026-09-01,Gold,sparrow,3.502
2026-09-01,Gold,valkyrie,4.047
2026-09-01,Gold,conduit,2.732
2026-09-01,Gold,fuse,7.064
2026-09-01,Gold,caustic,3.84
2026-09-01,Gold,wraith,5.476
2026-09-01,Gold,crypto,0.724
2026-09-01,Gold,catalyst,0.9
2026-09-01,Gold,mirage,2.345
2026-09-01,Gold,bloodhound,2.4
2026-09-01,Gold,lifeline,3.477
2026-09-01,Gold,newcastle,1.223
2026-09-01,Gold,wattson,2.441
2026-09-01,Gold,rampart,1.768
2026-09-01,Gold,ash,2.867
2026-09-01,Gold,ballistic,0.805
2026-09-02,Gold,axle,6.249
2026-09-02,Gold,loba,7.643
2026-09-02,Gold,pathfinder,8.383
2026-09-02,Gold,seer,2.851
2026-09-02,Gold,revenant,1.666
2026-09-02,Gold,octane,6.968
2026-09-02,Gold,alter,3.209
2026-09-02,Gold,mad-maggie,6.498
2026-09-02,Gold,gibraltar,2.799
2026-09-02,Gold,bangalore,4.021
2026-09-02,Gold,vantage,2.374
2026-09-02,Gold,horizon,1.423
2026-09-02,Gold,sparrow,3.445
2026-09-02,Gold,valkyrie,3.94
2026-09-02,Gold,conduit,2.705
2026-09-02,Gold,fuse,7.166
2026-09-02,Gold,caustic,3.893
2026-09-02,Gold,wraith,5.406
2026-09-02,Gold,crypto,0.734
2026-09-02,Gold,catalyst,0.937
2026-09-02,Gold,mirage,2.463
2026-09-02,Gold,bloodhound,2.414
2026-09-02,Gold,lifeline,3.486
2026-09-02,Gold,newcastle,1.229
2026-09-02,Gold,wattson,2.399
2026-09-02,Gold,rampart,1.774
2026-09-02,Gold,ash,2.837
2026-09-02,Gold,ballistic,0.891
2026-09-03,Gold,axle,6.124
2026-09-03,Gold,loba,7.572
2026-09-03,Gold,pathfinder,8.301
2026-09-03,Gold,seer,2.837
2026-09-03,Gold,revenant,1.691
2026-09-03,Gold,octane,6.971
2026-09-03,Gold,alter,3.243
2026-09-03,Gold,mad-maggie,6.434
2026-09-03,Gold,gibraltar,2.783
2026-09-03,Gold,bangalore,4.123
2026-09-03,Gold,vantage,2.374
2026-09-03,Gold,horizon,1.427
2026-09-03,Gold,sparrow,3.532
2026-09-03,Gold,valkyrie,3.952
2026-09-03,Gold,conduit,2.656
2026-09-03,Gold,fuse,7.152
2026-09-03,Gold,caustic,3.896
2026-09-03,Gold,wraith,5.373
2026-09-03,Gold,crypto,0.772
2026-09-03,Gold,catalyst,0.947
2026-09-03,Gold,mirage,2.424
2026-09-03,Gold,bloodhound,2.462
2026-09-03,Gold,lifeline,3.584
2026-09-03,Gold,newcastle,1.214
2026-09-03,Gold,wattson,2.426
2026-09-03,Gold,rampart,1.672
2026-09-03,Gold,ash,2.875
2026-09-03,Gold,ballistic,0.785
2026-09-04,Gold,axle,6.081
2026-09-04,Gold,loba,7.36
2026-09-04,Gold,pathfinder,8.362
2026-09-04,Gold,seer,2.82
2026-09-04,Gold,revenant,1.79
2026-09-04,Gold,octane,6.963
2026-09-04,Gold,alter,3.281
2026-09-04,Gold,mad-maggie,6.473
2026-09-04,Gold,gibraltar,2.777
2026-09-04,Gold,bangalore,4.171
2026-09-04,Gold,vantage,2.382
2026-09-04,Gold,horizon,1.373
2026-09-04,Gold,sparrow,3.574
2026-09-04,Gold,valkyrie,4.008
2026-09-04,Gold,conduit,2.625
2026-09-04,Gold,fuse,7.306
2026-09-04,Gold,caustic,3.847
2026-09-04,Gold,wraith,5.358
2026-09-04,Gold,crypto,0.785
2026-09-04,Gold,catalyst,0.985
2026-09-04,Gold,mirage,2.395
2026-09-04,Gold,bloodhound,2.41
2026-09-04,Gold,lifeline,3.568
2026-09-04,Gold,newcastle,1.214
2026-09-04,Gold,wattson,2.423
2026-09-04,Gold,rampart,1.691
2026-09-04,Gold,ash,2.9
2026-09-04,Gold,ballistic,0.883
2026-09-05,Gold,axle,6.1
2026-09-05,Gold,loba,7.2
2026-09-05,Gold,pathfinder,8.4
2026-09-05,Gold,seer,2.9
2026-09-05,Gold,revenant,1.8
2026-09-05,Gold,octane,7.1
2026-09-05,Gold,alter,3.3
2026-09-05,Gold,mad-maggie,6.4
2026-09-05,Gold,gibraltar,2.7
2026-09-05,Gold,bangalore,4.2
2026-09-05,Gold,vantage,2.5
2026-09-05,Gold,horizon,1.4
2026-09-05,Gold,sparrow,3.6
2026-09-05,Gold,valkyrie,4.0
2026-09-05,Gold,conduit,2.6
2026-09-05,Gold,fuse,7.3
2026-09-05,Gold,caustic,3.9
2026-09-05,Gold,wraith,5.4
2026-09-05,Gold,crypto,0.8
2026-09-05,Gold,catalyst,1.0
2026-09-05,Gold,mirage,2.5
2026-09-05,Gold,bloodhound,2.4
2026-09-05,Gold,lifeline,3.5
2026-09-05,Gold,newcastle,1.2
2026-09-05,Gold,wattson,2.4
2026-09-05,Gold,rampart,1.7
2026-09-05,Gold,ash,3.0
2026-09-05,Gold,ballistic,0.8
2026-09-06,Gold,axle,6.1
2026-09-06,Gold,loba,7.0
2026-09-06,Gold,pathfinder,8.4
2026-09-06,Gold,seer,2.8
2026-09-06,Gold,revenant,1.8
2026-09-06,Gold,octane,7.2
2026-09-06,Gold,alter,3.3
2026-09-06,Gold,mad-maggie,6.3
2026-09-06,Gold,gibraltar,2.6
2026-09-06,Gold,bangalore,4.1
2026-09-06,Gold,vantage,2.5
2026-09-06,Gold,horizon,1.5
2026-09-06,Gold,sparrow,3.7
2026-09-06,Gold,valkyrie,4.0
2026-09-06,Gold,conduit,2.7
2026-09-06,Gold,fuse,7.3
2026-09-06,Gold,caustic,3.9
2026-09-06,Gold,wraith,5.4
2026-09-06,Gold,crypto,0.8
2026-09-06,Gold,catalyst,1.0
2026-09-06,Gold,mirage,2.5
2026-09-06,Gold,bloodhound,2.4
2026-09-06,Gold,lifeline,3.6
2026-09-06,Gold,newcastle,1.2
2026-09-06,Gold,wattson,2.4
2026-09-06,Gold,rampart,1.7
2026-09-06,Gold,ash,3.0
2026-09-06,Gold,ballistic,0.9
2026-09-07,Gold,axle,6.2
2026-09-07,Gold,loba,6.9
2026-09-07,Gold,pathfinder,8.4
2026-09-07,Gold,seer,2.8
2026-09-07,Gold,revenant,1.8
2026-09-07,Gold,octane,7.2
2026-09-07,Gold,alter,3.3
2026-09-07,Gold,mad-maggie,6.3
2026-09-07,Gold,gibraltar,2.6
2026-09-07,Gold,bangalore,4.0
2026-09-07,Gold,vantage,2.5
2026-09-07,Gold,horizon,1.5
2026-09-07,Gold,sparrow,3.8
2026-09-07,Gold,valkyrie,4.0
2026-09-07,Gold,conduit,2.7
2026-09-07,Gold,fuse,7.3
2026-09-07,Gold,caustic,3.9
2026-09-07,Gold,wraith,5.4
2026-09-07,Gold,crypto,0.8
2026-09-07,Gold,catalyst,1.0
2026-09-07,Gold,mirage,2.5
2026-09-07,Gold,bloodhound,2.4
2026-09-07,Gold,lifeline,3.6
2026-09-07,Gold,newcastle,1.2
2026-09-07,Gold,wattson,2.4
2026-09-07,Gold,rampart,1.7
2026-09-07,Gold,ash,3.0
2026-09-07,Gold,ballistic,0.8
2026-09-08,Gold,axle,6.3
2026-09-08,Gold,loba,6.9
2026-09-08,Gold,pathfinder,8.4
2026-09-08,Gold,seer,2.8
2026-09-08,Gold,revenant,1.8
2026-09-08,Gold,octane,7.2
2026-09-08,Gold,alter,3.3
2026-09-08,Gold,mad-maggie,6.2
2026-09-08,Gold,gibraltar,2.5
2026-09-08,Gold,bangalore,4.0
2026-09-08,Gold,vantage,2.5
2026-09-08,Gold,horizon,1.5
2026-09-08,Gold,sparrow,3.8
2026-09-08,Gold,valkyrie,4.0
2026-09-08,Gold,conduit,2.7
2026-09-08,Gold,fuse,7.3
2026-09-08,Gold,caustic,3.9
2026-09-08,Gold,wraith,5.4
2026-09-08,Gold,crypto,0.8
2026-09-08,Gold,catalyst,1.0
2026-09-08,Gold,mirage,2.5
2026-09-08,Gold,bloodhound,2.4
2026-09-08,Gold,lifeline,3.6
2026-09-08,Gold,newcastle,1.2
2026-09-08,Gold,wattson,2.4
2026-09-08,Gold,rampart,1.7
2026-09-08,Gold,ash,3.1
2026-09-08,Gold,ballistic,0.8
2026-09-09,Gold,axle,6.4
2026-09-09,Gold,loba,6.8
2026-09-09,Gold,pathfinder,8.4
2026-09-09,Gold,seer,2.7
2026-09-09,Gold,revenant,1.8
2026-09-09,Gold,octane,7.3
2026-09-09,Gold,alter,3.3
2026-09-09,Gold,mad-maggie,6.1
2026-09-09,Gold,gibraltar,2.5
2026-09-09,Gold,bangalore,4.0
2026-09-09,Gold,vantage,2.5
2026-09-09,Gold,horizon,1.5
2026-09-09,Gold,sparrow,3.7
2026-09-09,Gold,valkyrie,4.0
2026-09-09,Gold,conduit,2.7
2026-09-09,Gold,fuse,7.4
2026-09-09,Gold,caustic,3.9
2026-09-09,Gold,wraith,5.3
2026-09-09,Gold,crypto,0.8
2026-09-09,Gold,catalyst,1.0
2026-09-09,Gold,mirage,2.6
2026-09-09,Gold,bloodhound,2.4
2026-09-09,Gold,lifeline,3.6
2026-09-09,Gold,newcastle,1.2
2026-09-09,Gold,wattson,2.3
2026-09-09,Gold,rampart,1.7
2026-09-09,Gold,ash,3.0
2026-09-09,Gold,ballistic,0.9
2026-09-10,Gold,axle,6.5
2026-09-10,Gold,loba,6.8
2026-09-10,Gold,pathfinder,8.3
2026-09-10,Gold,seer,2.7
2026-09-10,Gold,revenant,1.8
2026-09-10,Gold,octane,7.4
2026-09-10,Gold,alter,3.2
2026-09-10,Gold,mad-maggie,6.1
2026-09-10,Gold,gibraltar,2.5
2026-09-10,Gold,bangalore,4.0
2026-09-10,Gold,vantage,2.5
2026-09-10,Gold,horizon,1.5
2026-09-10,Gold,sparrow,3.8
2026-09-10,Gold,valkyrie,4.0
2026-09-10,Gold,conduit,2.7
2026-09-10,Gold,fuse,7.4
2026-09-10,Gold,caustic,3.9
2026-09-10,Gold,wraith,5.3
2026-09-10,Gold,crypto,0.8
2026-09-10,Gold,catalyst,1.0
2026-09-10,Gold,mirage,2.5
2026-09-10,Gold,bloodhound,2.4
2026-09-10,Gold,lifeline,3.6
2026-09-10,Gold,newcastle,1.2
2026-09-10,Gold,wattson,2.3
2026-09-10,Gold,rampart,1.6
2026-09-10,Gold,ash,3.0
2026-09-10,Gold,ballistic,0.8
2026-09-11,Gold,axle,6.4
2026-09-11,Gold,loba,6.8
2026-09-11,Gold,pathfinder,8.4
2026-09-11,Gold,seer,2.7
2026-09-11,Gold,revenant,1.9
2026-09-11,Gold,octane,7.4
2026-09-11,Gold,alter,3.2
2026-09-11,Gold,mad-maggie,6.1
2026-09-11,Gold,gibraltar,2.5
2026-09-11,Gold,bangalore,4.0
2026-09-11,Gold,vantage,2.5
2026-09-11,Gold,horizon,1.4
2026-09-11,Gold,sparrow,3.8
2026-09-11,Gold,valkyrie,4.0
2026-09-11,Gold,conduit,2.7
2026-09-11,Gold,fuse,7.5
2026-09-11,Gold,caustic,3.9
2026-09-11,Gold,wraith,5.3
2026-09-11,Gold,crypto,0.8
2026-09-11,Gold,catalyst,1.0
2026-09-11,Gold,mirage,2.5
2026-09-11,Gold,bloodhound,2.4
2026-09-11,Gold,lifeline,3.6
2026-09-11,Gold,newcastle,1.2
2026-09-11,Gold,wattson,2.3
2026-09-11,Gold,rampart,1.6
2026-09-11,Gold,ash,3.0
2026-09-11,Gold,ballistic,0.9
2026-09-12,Gold,axle,6.3
2026-09-12,Gold,loba,6.7
2026-09-12,Gold,pathfinder,8.5
2026-09-12,Gold,seer,2.7
2026-09-12,Gold,revenant,1.9
2026-09-12,Gold,octane,7.5
2026-09-12,Gold,alter,3.2
2026-09-12,Gold,mad-maggie,6.1
2026-09-12,Gold,gibraltar,2.4
2026-09-12,Gold,bangalore,4.0
2026-09-12,Gold,vantage,2.5
2026-09-12,Gold,horizon,1.4
2026-09-12,Gold,sparrow,3.8
2026-09-12,Gold,valkyrie,4.0
2026-09-12,Gold,conduit,2.7
2026-09-12,Gold,fuse,7.6
2026-09-12,Gold,caustic,3.9
2026-09-12,Gold,wraith,5.3
2026-09-12,Gold,crypto,0.8
2026-09-12,Gold,catalyst,1.0
2026-09-12,Gold,mirage,2.5
2026-09-12,Gold,bloodhound,2.4
2026-09-12,Gold,lifeline,3.7
2026-09-12,Gold,newcastle,1.2
2026-09-12,Gold,wattson,2.3
2026-09-12,Gold,rampart,1.6
2026-09-12,Gold,ash,3.1
2026-09-12,Gold,ballistic,0.8
2026-09-13,Gold,axle,6.3
2026-09-13,Gold,loba,6.6
2026-09-13,Gold,pathfinder,8.4
2026-09-13,Gold,seer,2.7
2026-09-13,Gold,revenant,1.9
2026-09-13,Gold,octane,7.6
2026-09-13,Gold,alter,3.2
2026-09-13,Gold,mad-maggie,6.1
2026-09-13,Gold,gibraltar,2.3
2026-09-13,Gold,bangalore,4.0
2026-09-13,Gold,vantage,2.5
2026-09-13,Gold,horizon,1.4
2026-09-13,Gold,sparrow,3.8
2026-09-13,Gold,valkyrie,4.0
2026-09-13,Gold,conduit,2.7
2026-09-13,Gold,fuse,7.7
2026-09-13,Gold,caustic,3.9
2026-09-13,Gold,wraith,5.3
2026-09-13,Gold,crypto,0.8
2026-09-13,Gold,catalyst,1.0
2026-09-13,Gold,mirage,2.4
2026-09-13,Gold,bloodhound,2.4
2026-09-13,Gold,lifeline,3.7
2026-09-13,Gold,newcastle,1.2
2026-09-13,Gold,wattson,2.3
2026-09-13,Gold,rampart,1.6
2026-09-13,Gold,ash,3.1
2026-09-13,Gold,ballistic,0.8
2026-09-14,Gold,axle,6.3
2026-09-14,Gold,loba,6.6
2026-09-14,Gold,pathfinder,8.4
2026-09-14,Gold,seer,2.7
2026-09-14,Gold,revenant,1.8
2026-09-14,Gold,octane,7.6
2026-09-14,Gold,alter,3.2
2026-09-14,Gold,mad-maggie,6.1
2026-09-14,Gold,gibraltar,2.3
2026-09-14,Gold,bangalore,4.0
2026-09-14,Gold,vantage,2.6
2026-09-14,Gold,horizon,1.4
2026-09-14,Gold,sparrow,3.8
2026-09-14,Gold,valkyrie,4.0
2026-09-14,Gold,conduit,2.7
2026-09-14,Gold,fuse,7.7
2026-09-14,Gold,caustic,3.9
2026-09-14,Gold,wraith,5.3
2026-09-14,Gold,crypto,0.8
2026-09-14,Gold,catalyst,1.0
2026-09-14,Gold,mirage,2.4
2026-09-14,Gold,bloodhound,2.4
2026-09-14,Gold,lifeline,3.8
2026-09-14,Gold,newcastle,1.2
2026-09-14,Gold,wattson,2.3
2026-09-14,Gold,rampart,1.6
2026-09-14,Gold,ash,3.0
2026-09-14,Gold,ballistic,0.8
2026-09-15,Gold,axle,6.287
2026-09-15,Gold,loba,6.596
2026-09-15,Gold,pathfinder,8.476
2026-09-15,Gold,seer,2.74
2026-09-15,Gold,revenant,1.838
2026-09-15,Gold,octane,7.574
2026-09-15,Gold,alter,3.259
2026-09-15,Gold,mad-maggie,6.104
2026-09-15,Gold,gibraltar,2.229
2026-09-15,Gold,bangalore,3.943
2026-09-15,Gold,vantage,2.574
2026-09-15,Gold,horizon,1.341
2026-09-15,Gold,sparrow,3.769
2026-09-15,Gold,valkyrie,4.014
2026-09-15,Gold,conduit,2.764
2026-09-15,Gold,fuse,7.756
2026-09-15,Gold,caustic,3.863
2026-09-15,Gold,wraith,5.366
2026-09-15,Gold,crypto,0.807
2026-09-15,Gold,catalyst,1.051
2026-09-15,Gold,mirage,2.491
2026-09-15,Gold,bloodhound,2.32
2026-09-15,Gold,lifeline,3.882
2026-09-15,Gold,newcastle,1.185
2026-09-15,Gold,wattson,2.317
2026-09-15,Gold,rampart,1.61
2026-09-15,Gold,ash,3.015
2026-09-15,Gold,ballistic,0.897
2026-09-16,Gold,axle,6.277
2026-09-16,Gold,loba,6.427
2026-09-16,Gold,pathfinder,8.447
2026-09-16,Gold,seer,2.701
2026-09-16,Gold,revenant,1.853
2026-09-16,Gold,octane,7.603
2026-09-16,Gold,alter,3.159
2026-09-16,Gold,mad-maggie,5.986
2026-09-16,Gold,gibraltar,2.247
2026-09-16,Gold,bangalore,3.931
2026-09-16,Gold,vantage,2.506
2026-09-16,Gold,horizon,1.407
2026-09-16,Gold,sparrow,3.818
2026-09-16,Gold,valkyrie,4.008
2026-09-16,Gold,conduit,2.768
2026-09-16,Gold,fuse,7.826
2026-09-16,Gold,caustic,3.85
2026-09-16,Gold,wraith,5.422
2026-09-16,Gold,crypto,0.798
2026-09-16,Gold,catalyst,1.082
2026-09-16,Gold,mirage,2.449
2026-09-16,Gold,bloodhound,2.325
2026-09-16,Gold,lifeline,3.898
2026-09-16,Gold,newcastle,1.251
2026-09-16,Gold,wattson,2.337
2026-09-16,Gold,rampart,1.614
2026-09-16,Gold,ash,3.025
2026-09-16,Gold,ballistic,0.872
2026-09-17,Gold,axle,6.31
2026-09-17,Gold,loba,6.225
2026-09-17,Gold,pathfinder,8.482
2026-09-17,Gold,seer,2.69
2026-09-17,Gold,revenant,1.862
2026-09-17,Gold,octane,7.603
2026-09-17,Gold,alter,3.033
2026-09-17,Gold,mad-maggie,5.842
2026-09-17,Gold,gibraltar,2.184
2026-09-17,Gold,bangalore,4.0
2026-09-17,Gold,vantage,2.534
2026-09-17,Gold,horizon,1.295
2026-09-17,Gold,sparrow,3.846
2026-09-17,Gold,valkyrie,4.004
2026-09-17,Gold,conduit,3.088
2026-09-17,Gold,fuse,8.062
2026-09-17,Gold,caustic,3.819
2026-09-17,Gold,wraith,5.366
2026-09-17,Gold,crypto,0.767
2026-09-17,Gold,catalyst,1.37
2026-09-17,Gold,mirage,2.475
2026-09-17,Gold,bloodhound,2.291
2026-09-17,Gold,lifeline,3.857
2026-09-17,Gold,newcastle,1.196
2026-09-17,Gold,wattson,2.335
2026-09-17,Gold,rampart,1.619
2026-09-17,Gold,ash,3.018
2026-09-17,Gold,ballistic,0.852
2026-09-18,Gold,axle,6.3
2026-09-18,Gold,loba,6.156
2026-09-18,Gold,pathfinder,8.531
2026-09-18,Gold,seer,2.603
2026-09-18,Gold,revenant,1.943
2026-09-18,Gold,octane,7.564
2026-09-18,Gold,alter,2.953
2026-09-18,Gold,mad-maggie,5.723
2026-09-18,Gold,gibraltar,2.155
2026-09-18,Gold,bangalore,3.897
2026-09-18,Gold,vantage,2.538
2026-09-18,Gold,horizon,1.374
2026-09-18,Gold,sparrow,3.911
2026-09-18,Gold,valkyrie,3.964
2026-09-18,Gold,conduit,3.442
2026-09-18,Gold,fuse,8.12
2026-09-18,Gold,caustic,3.573
2026-09-18,Gold,wraith,5.346
2026-09-18,Gold,crypto,0.771
2026-09-18,Gold,catalyst,1.694
2026-09-18,Gold,mirage,2.509
2026-09-18,Gold,bloodhound,2.249
2026-09-18,Gold,lifeline,3.834
2026-09-18,Gold,newcastle,1.135
2026-09-18,Gold,wattson,2.319
2026-09-18,Gold,rampart,1.571
2026-09-18,Gold,ash,2.96
2026-09-18,Gold,ballistic,0.765
2026-09-19,Gold,axle,6.5
2026-09-19,Gold,loba,5.9
2026-09-19,Gold,pathfinder,8.6
2026-09-19,Gold,seer,2.6
2026-09-19,Gold,revenant,2.1
2026-09-19,Gold,octane,7.4
2026-09-19,Gold,alter,2.9
2026-09-19,Gold,mad-maggie,5.6
2026-09-19,Gold,gibraltar,2.2
2026-09-19,Gold,bangalore,3.9
2026-09-19,Gold,vantage,2.6
2026-09-19,Gold,horizon,1.3
2026-09-19,Gold,sparrow,3.9
2026-09-19,Gold,valkyrie,3.9
2026-09-19,Gold,conduit,3.8
2026-09-19,Gold,fuse,8.2
2026-09-19,Gold,caustic,3.4
2026-09-19,Gold,wraith,5.2
2026-09-19,Gold,crypto,0.8
2026-09-19,Gold,catalyst,2.1
2026-09-19,Gold,mirage,2.5
2026-09-19,Gold,bloodhound,2.1
2026-09-19,Gold,lifeline,3.8
2026-09-19,Gold,newcastle,1.1
2026-09-19,Gold,wattson,2.2
2026-09-19,Gold,rampart,1.6
2026-09-19,Gold,ash,2.9
2026-09-19,Gold,ballistic,0.8
2026-09-20,Gold,axle,6.6
2026-09-20,Gold,loba,5.8
2026-09-20,Gold,pathfinder,8.6
2026-09-20,Gold,seer,2.6
2026-09-20,Gold,revenant,2.3
2026-09-20,Gold,octane,7.4
2026-09-20,Gold,alter,2.8
2026-09-20,Gold,mad-maggie,5.4
2026-09-20,Gold,gibraltar,2.2
2026-09-20,Gold,bangalore,4.0
2026-09-20,Gold,vantage,2.6
2026-09-20,Gold,horizon,1.3
2026-09-20,Gold,sparrow,4.0
2026-09-20,Gold,valkyrie,3.9
2026-09-20,Gold,conduit,4.1
2026-09-20,Gold,fuse,8.1
2026-09-20,Gold,caustic,3.3
2026-09-20,Gold,wraith,5.2
2026-09-20,Gold,crypto,0.7
2026-09-20,Gold,catalyst,2.4
2026-09-20,Gold,mirage,2.4
2026-09-20,Gold,bloodhound,2.0
2026-09-20,Gold,lifeline,3.8
2026-09-20,Gold,newcastle,1.1
2026-09-20,Gold,wattson,2.1
2026-09-20,Gold,rampart,1.6
2026-09-20,Gold,ash,2.9
2026-09-20,Gold,ballistic,0.8
2026-09-21,Gold,axle,6.7
2026-09-21,Gold,loba,5.8
2026-09-21,Gold,pathfinder,8.7
2026-09-21,Gold,seer,2.6
2026-09-21,Gold,revenant,2.3
2026-09-21,Gold,octane,7.4
2026-09-21,Gold,alter,2.7
2026-09-21,Gold,mad-maggie,5.4
2026-09-21,Gold,gibraltar,2.1
2026-09-21,Gold,bangalore,4.0
2026-09-21,Gold,vantage,2.6
2026-09-21,Gold,horizon,1.3
2026-09-21,Gold,sparrow,4.0
2026-09-21,Gold,valkyrie,3.9
2026-09-21,Gold,conduit,4.3
2026-09-21,Gold,fuse,8.1
2026-09-21,Gold,caustic,3.2
2026-09-21,Gold,wraith,5.1
2026-09-21,Gold,crypto,0.7
2026-09-21,Gold,catalyst,2.5
2026-09-21,Gold,mirage,2.4
2026-09-21,Gold,bloodhound,2.0
2026-09-21,Gold,lifeline,3.7
2026-09-21,Gold,newcastle,1.1
2026-09-21,Gold,wattson,2.1
2026-09-21,Gold,rampart,1.5
2026-09-21,Gold,ash,2.9
2026-09-21,Gold,ballistic,0.8
2026-09-22,Gold,axle,6.8
2026-09-22,Gold,loba,5.8
2026-09-22,Gold,pathfinder,8.8
2026-09-22,Gold,seer,2.6
2026-09-22,Gold,revenant,2.4
2026-09-22,Gold,octane,7.3
2026-09-22,Gold,alter,2.6
2026-09-22,Gold,mad-maggie,5.4
2026-09-22,Gold,gibraltar,2.1
2026-09-22,Gold,bangalore,3.9
2026-09-22,Gold,vantage,2.7
2026-09-22,Gold,horizon,1.3
2026-09-22,Gold,sparrow,4.0
2026-09-22,Gold,valkyrie,3.9
2026-09-22,Gold,conduit,4.5
2026-09-22,Gold,fuse,8.1
2026-09-22,Gold,caustic,3.1
2026-09-22,Gold,wraith,5.1
2026-09-22,Gold,crypto,0.7
2026-09-22,Gold,catalyst,2.7
2026-09-22,Gold,mirage,2.4
2026-09-22,Gold,bloodhound,1.9
2026-09-22,Gold,lifeline,3.7
2026-09-22,Gold,newcastle,1.1
2026-09-22,Gold,wattson,2.0
2026-09-22,Gold,rampart,1.5
2026-09-22,Gold,ash,2.9
2026-09-22,Gold,ballistic,0.8
2026-09-23,Gold,axle,6.9
2026-09-23,Gold,loba,5.8
2026-09-23,Gold,pathfinder,8.8
2026-09-23,Gold,seer,2.6
2026-09-23,Gold,revenant,2.4
2026-09-23,Gold,octane,7.3
2026-09-23,Gold,alter,2.5
2026-09-23,Gold,mad-maggie,5.3
2026-09-23,Gold,gibraltar,2.2
2026-09-23,Gold,bangalore,3.9
2026-09-23,Gold,vantage,2.7
2026-09-23,Gold,horizon,1.4
2026-09-23,Gold,sparrow,4.0
2026-09-23,Gold,valkyrie,3.8
2026-09-23,Gold,conduit,4.5
2026-09-23,Gold,fuse,7.9
2026-09-23,Gold,caustic,3.0
2026-09-23,Gold,wraith,5.1
2026-09-23,Gold,crypto,0.7
2026-09-23,Gold,catalyst,2.7
2026-09-23,Gold,mirage,2.4
2026-09-23,Gold,bloodhound,1.9
2026-09-23,Gold,lifeline,3.7
2026-09-23,Gold,newcastle,1.2
2026-09-23,Gold,wattson,2.0
2026-09-23,Gold,rampart,1.5
2026-09-23,Gold,ash,2.9
2026-09-23,Gold,ballistic,0.8
2026-09-24,Gold,axle,7.0
2026-09-24,Gold,loba,5.8
2026-09-24,Gold,pathfinder,8.8
2026-09-24,Gold,seer,2.6
2026-09-24,Gold,revenant,2.4
2026-09-24,Gold,octane,7.4
2026-09-24,Gold,alter,2.5
2026-09-24,Gold,mad-maggie,5.3
2026-09-24,Gold,gibraltar,2.2
2026-09-24,Gold,bangalore,4.0
2026-09-24,Gold,vantage,2.7
2026-09-24,Gold,horizon,1.3
2026-09-24,Gold,sparrow,4.0
2026-09-24,Gold,valkyrie,3.8
2026-09-24,Gold,conduit,4.4
2026-09-24,Gold,fuse,7.7
2026-09-24,Gold,caustic,3.1
2026-09-24,Gold,wraith,5.1
2026-09-24,Gold,crypto,0.7
2026-09-24,Gold,catalyst,2.6
2026-09-24,Gold,mirage,2.4
2026-09-24,Gold,bloodhound,1.9
2026-09-24,Gold,lifeline,3.7
2026-09-24,Gold,newcastle,1.2
2026-09-24,Gold,wattson,2.1
2026-09-24,Gold,rampart,1.5
2026-09-24,Gold,ash,3.0
2026-09-24,Gold,ballistic,0.8
2026-09-25,Gold,axle,7.1
2026-09-25,Gold,loba,5.9
2026-09-25,Gold,pathfinder,8.9
2026-09-25,Gold,seer,2.5
2026-09-25,Gold,revenant,2.4
2026-09-25,Gold,octane,7.4
2026-09-25,Gold,alter,2.5
2026-09-25,Gold,mad-maggie,5.4
2026-09-25,Gold,gibraltar,2.2
2026-09-25,Gold,bangalore,3.9
2026-09-25,Gold,vantage,2.7
2026-09-25,Gold,horizon,1.4
2026-09-25,Gold,sparrow,4.1
2026-09-25,Gold,valkyrie,3.8
2026-09-25,Gold,conduit,4.4
2026-09-25,Gold,fuse,7.5
2026-09-25,Gold,caustic,3.1
2026-09-25,Gold,wraith,5.1
2026-09-25,Gold,crypto,0.7
2026-09-25,Gold,catalyst,2.5
2026-09-25,Gold,mirage,2.4
2026-09-25,Gold,bloodhound,1.9
2026-09-25,Gold,lifeline,3.7
2026-09-25,Gold,newcastle,1.2
2026-09-25,Gold,wattson,2.1
2026-09-25,Gold,rampart,1.5
2026-09-25,Gold,ash,2.9
2026-09-25,Gold,ballistic,0.7
2026-08-29,Platinum,axle,9.681
2026-08-29,Platinum,loba,9.889
2026-08-29,Platinum,pathfinder,10.624
2026-08-29,Platinum,seer,3.04
2026-08-29,Platinum,revenant,1.394
2026-08-29,Platinum,octane,5.106
2026-08-29,Platinum,alter,3.745
2026-08-29,Platinum,mad-maggie,8.648
2026-08-29,Platinum,gibraltar,2.842
2026-08-29,Platinum,bangalore,4.0
2026-08-29,Platinum,vantage,1.995
2026-08-29,Platinum,horizon,1.071
2026-08-29,Platinum,sparrow,3.087
2026-08-29,Platinum,valkyrie,2.915
2026-08-29,Platinum,conduit,2.401
2026-08-29,Platinum,fuse,6.875
2026-08-29,Platinum,caustic,3.391
2026-08-29,Platinum,wraith,4.584
2026-08-29,Platinum,crypto,0.757
2026-08-29,Platinum,catalyst,0.896
2026-08-29,Platinum,mirage,1.779
2026-08-29,Platinum,bloodhound,1.253
2026-08-29,Platinum,lifeline,2.087
2026-08-29,Platinum,newcastle,1.079
2026-08-29,Platinum,wattson,2.712
2026-08-29,Platinum,rampart,1.41
2026-08-29,Platinum,ash,2.034
2026-08-29,Platinum,ballistic,0.696
2026-08-30,Platinum,axle,9.096
2026-08-30,Platinum,loba,9.821
2026-08-30,Platinum,pathfinder,10.675
2026-08-30,Platinum,seer,3.024
2026-08-30,Platinum,revenant,1.379
2026-08-30,Platinum,octane,5.158
2026-08-30,Platinum,alter,3.729
2026-08-30,Platinum,mad-maggie,8.541
2026-08-30,Platinum,gibraltar,2.77
2026-08-30,Platinum,bangalore,4.049
2026-08-30,Platinum,vantage,2.021
2026-08-30,Platinum,horizon,1.085
2026-08-30,Platinum,sparrow,3.112
2026-08-30,Platinum,valkyrie,2.997
2026-08-30,Platinum,conduit,2.448
2026-08-30,Platinum,fuse,6.987
2026-08-30,Platinum,caustic,3.391
2026-08-30,Platinum,wraith,4.673
2026-08-30,Platinum,crypto,0.769
2026-08-30,Platinum,catalyst,0.923
2026-08-30,Platinum,mirage,1.779
2026-08-30,Platinum,bloodhound,1.292
2026-08-30,Platinum,lifeline,2.125
2026-08-30,Platinum,newcastle,1.097
2026-08-30,Platinum,wattson,2.763
2026-08-30,Platinum,rampart,1.345
2026-08-30,Platinum,ash,2.093
2026-08-30,Platinum,ballistic,0.677
2026-08-31,Platinum,axle,8.675
2026-08-31,Platinum,loba,9.698
2026-08-31,Platinum,pathfinder,10.749
2026-08-31,Platinum,seer,2.976
2026-08-31,Platinum,revenant,1.453
2026-08-31,Platinum,octane,5.205
2026-08-31,Platinum,alter,3.813
2026-08-31,Platinum,mad-maggie,8.542
2026-08-31,Platinum,gibraltar,2.758
2026-08-31,Platinum,bangalore,4.117
2026-08-31,Platinum,vantage,2.094
2026-08-31,Platinum,horizon,1.073
2026-08-31,Platinum,sparrow,3.205
2026-08-31,Platinum,valkyrie,3.014
2026-08-31,Platinum,conduit,2.48
2026-08-31,Platinum,fuse,7.185
2026-08-31,Platinum,caustic,3.403
2026-08-31,Platinum,wraith,4.689
2026-08-31,Platinum,crypto,0.789
2026-08-31,Platinum,catalyst,0.942
2026-08-31,Platinum,mirage,1.871
2026-08-31,Platinum,bloodhound,1.405
2026-08-31,Platinum,lifeline,2.136
2026-08-31,Platinum,newcastle,1.11
2026-08-31,Platinum,wattson,2.734
2026-08-31,Platinum,rampart,1.337
2026-08-31,Platinum,ash,2.085
2026-08-31,Platinum,ballistic,0.681
2026-09-01,Platinum,axle,8.305
2026-09-01,Platinum,loba,9.54
2026-09-01,Platinum,pathfinder,10.898
2026-09-01,Platinum,seer,2.818
2026-09-01,Platinum,revenant,1.433
2026-09-01,Platinum,octane,5.364
2026-09-01,Platinum,alter,3.799
2026-09-01,Platinum,mad-maggie,8.385
2026-09-01,Platinum,gibraltar,2.678
2026-09-01,Platinum,bangalore,4.091
2026-09-01,Platinum,vantage,2.15
2026-09-01,Platinum,horizon,1.159
2026-09-01,Platinum,sparrow,3.246
2026-09-01,Platinum,valkyrie,3.042
2026-09-01,Platinum,conduit,2.487
2026-09-01,Platinum,fuse,7.368
2026-09-01,Platinum,caustic,3.43
2026-09-01,Platinum,wraith,4.712
2026-09-01,Platinum,crypto,0.724
2026-09-01,Platinum,catalyst,0.942
2026-09-01,Platinum,mirage,1.848
2026-09-01,Platinum,bloodhound,1.429
2026-09-01,Platinum,lifeline,2.217
2026-09-01,Platinum,newcastle,1.099
2026-09-01,Platinum,wattson,2.637
2026-09-01,Platinum,rampart,1.387
2026-09-01,Platinum,ash,2.123
2026-09-01,Platinum,ballistic,0.677
2026-09-02,Platinum,axle,7.937
2026-09-02,Platinum,loba,9.394
2026-09-02,Platinum,pathfinder,10.838
2026-09-02,Platinum,seer,2.802
2026-09-02,Platinum,revenant,1.443
2026-09-02,Platinum,octane,5.401
2026-09-02,Platinum,alter,3.954
2026-09-02,Platinum,mad-maggie,8.357
2026-09-02,Platinum,gibraltar,2.643
2026-09-02,Platinum,bangalore,4.034
2026-09-02,Platinum,vantage,2.187
2026-09-02,Platinum,horizon,1.162
2026-09-02,Platinum,sparrow,3.276
2026-09-02,Platinum,valkyrie,3.045
2026-09-02,Platinum,conduit,2.515
2026-09-02,Platinum,fuse,7.484
2026-09-02,Platinum,caustic,3.579
2026-09-02,Platinum,wraith,4.73
2026-09-02,Platinum,crypto,0.736
2026-09-02,Platinum,catalyst,0.96
2026-09-02,Platinum,mirage,1.884
2026-09-02,Platinum,bloodhound,1.394
2026-09-02,Platinum,lifeline,2.224
2026-09-02,Platinum,newcastle,1.082
2026-09-02,Platinum,wattson,2.699
2026-09-02,Platinum,rampart,1.404
2026-09-02,Platinum,ash,2.152
2026-09-02,Platinum,ballistic,0.688
2026-09-03,Platinum,axle,7.812
2026-09-03,Platinum,loba,9.205
2026-09-03,Platinum,pathfinder,10.843
2026-09-03,Platinum,seer,2.777
2026-09-03,Platinum,revenant,1.434
2026-09-03,Platinum,octane,5.45
2026-09-03,Platinum,alter,3.937
2026-09-03,Platinum,mad-maggie,8.354
2026-09-03,Platinum,gibraltar,2.561
2026-09-03,Platinum,bangalore,4.045
2026-09-03,Platinum,vantage,2.151
2026-09-03,Platinum,horizon,1.142
2026-09-03,Platinum,sparrow,3.338
2026-09-03,Platinum,valkyrie,3.048
2026-09-03,Platinum,conduit,2.544
2026-09-03,Platinum,fuse,7.484
2026-09-03,Platinum,caustic,3.659
2026-09-03,Platinum,wraith,4.697
2026-09-03,Platinum,crypto,0.738
2026-09-03,Platinum,catalyst,1.002
2026-09-03,Platinum,mirage,1.891
2026-09-03,Platinum,bloodhound,1.407
2026-09-03,Platinum,lifeline,2.213
2026-09-03,Platinum,newcastle,1.075
2026-09-03,Platinum,wattson,2.708
2026-09-03,Platinum,rampart,1.37
2026-09-03,Platinum,ash,2.251
2026-09-03,Platinum,ballistic,0.665
2026-09-04,Platinum,axle,7.824
2026-09-04,Platinum,loba,9.032
2026-09-04,Platinum,pathfinder,10.857
2026-09-04,Platinum,seer,2.775
2026-09-04,Platinum,revenant,1.44
2026-09-04,Platinum,octane,5.524
2026-09-04,Platinum,alter,3.887
2026-09-04,Platinum,mad-maggie,8.276
2026-09-04,Platinum,gibraltar,2.559
2026-09-04,Platinum,bangalore,4.048
2026-09-04,Platinum,vantage,2.254
2026-09-04,Platinum,horizon,1.138
2026-09-04,Platinum,sparrow,3.326
2026-09-04,Platinum,valkyrie,2.988
2026-09-04,Platinum,conduit,2.597
2026-09-04,Platinum,fuse,7.574
2026-09-04,Platinum,caustic,3.601
2026-09-04,Platinum,wraith,4.678
2026-09-04,Platinum,crypto,0.765
2026-09-04,Platinum,catalyst,1.033
2026-09-04,Platinum,mirage,1.923
2026-09-04,Platinum,bloodhound,1.445
2026-09-04,Platinum,lifeline,2.288
2026-09-04,Platinum,newcastle,1.068
2026-09-04,Platinum,wattson,2.663
2026-09-04,Platinum,rampart,1.377
2026-09-04,Platinum,ash,2.192
2026-09-04,Platinum,ballistic,0.672
2026-09-05,Platinum,axle,7.7
2026-09-05,Platinum,loba,8.8
2026-09-05,Platinum,pathfinder,10.9
2026-09-05,Platinum,seer,2.7
2026-09-05,Platinum,revenant,1.4
2026-09-05,Platinum,octane,5.7
2026-09-05,Platinum,alter,4.0
2026-09-05,Platinum,mad-maggie,8.2
2026-09-05,Platinum,gibraltar,2.5
2026-09-05,Platinum,bangalore,4.0
2026-09-05,Platinum,vantage,2.3
2026-09-05,Platinum,horizon,1.1
2026-09-05,Platinum,sparrow,3.4
2026-09-05,Platinum,valkyrie,3.0
2026-09-05,Platinum,conduit,2.6
2026-09-05,Platinum,fuse,7.6
2026-09-05,Platinum,caustic,3.6
2026-09-05,Platinum,wraith,4.7
2026-09-05,Platinum,crypto,0.8
2026-09-05,Platinum,catalyst,1.0
2026-09-05,Platinum,mirage,2.0
2026-09-05,Platinum,bloodhound,1.5
2026-09-05,Platinum,lifeline,2.3
2026-09-05,Platinum,newcastle,1.1
2026-09-05,Platinum,wattson,2.7
2026-09-05,Platinum,rampart,1.4
2026-09-05,Platinum,ash,2.3
2026-09-05,Platinum,ballistic,0.7
2026-09-06,Platinum,axle,7.8
2026-09-06,Platinum,loba,8.8
2026-09-06,Platinum,pathfinder,10.9
2026-09-06,Platinum,seer,2.7
2026-09-06,Platinum,revenant,1.4
2026-09-06,Platinum,octane,5.7
2026-09-06,Platinum,alter,3.8
2026-09-06,Platinum,mad-maggie,8.1
2026-09-06,Platinum,gibraltar,2.5
2026-09-06,Platinum,bangalore,4.0
2026-09-06,Platinum,vantage,2.3
2026-09-06,Platinum,horizon,1.1
2026-09-06,Platinum,sparrow,3.4
2026-09-06,Platinum,valkyrie,3.1
2026-09-06,Platinum,conduit,2.6
2026-09-06,Platinum,fuse,7.6
2026-09-06,Platinum,caustic,3.6
2026-09-06,Platinum,wraith,4.7
2026-09-06,Platinum,crypto,0.8
2026-09-06,Platinum,catalyst,1.0
2026-09-06,Platinum,mirage,2.0
2026-09-06,Platinum,bloodhound,1.5
2026-09-06,Platinum,lifeline,2.3
2026-09-06,Platinum,newcastle,1.1
2026-09-06,Platinum,wattson,2.7
2026-09-06,Platinum,rampart,1.3
2026-09-06,Platinum,ash,2.3
2026-09-06,Platinum,ballistic,0.7
2026-09-07,Platinum,axle,7.8
2026-09-07,Platinum,loba,8.7
2026-09-07,Platinum,pathfinder,10.7
2026-09-07,Platinum,seer,2.7
2026-09-07,Platinum,revenant,1.5
2026-09-07,Platinum,octane,5.7
2026-09-07,Platinum,alter,4.0
2026-09-07,Platinum,mad-maggie,8.1
2026-09-07,Platinum,gibraltar,2.5
2026-09-07,Platinum,bangalore,4.0
2026-09-07,Platinum,vantage,2.3
2026-09-07,Platinum,horizon,1.1
2026-09-07,Platinum,sparrow,3.5
2026-09-07,Platinum,valkyrie,3.1
2026-09-07,Platinum,conduit,2.6
2026-09-07,Platinum,fuse,7.6
2026-09-07,Platinum,caustic,3.7
2026-09-07,Platinum,wraith,4.7
2026-09-07,Platinum,crypto,0.8
2026-09-07,Platinum,catalyst,1.0
2026-09-07,Platinum,mirage,2.1
2026-09-07,Platinum,bloodhound,1.6
2026-09-07,Platinum,lifeline,2.3
2026-09-07,Platinum,newcastle,1.1
2026-09-07,Platinum,wattson,2.7
2026-09-07,Platinum,rampart,1.3
2026-09-07,Platinum,ash,2.3
2026-09-07,Platinum,ballistic,0.7
2026-09-08,Platinum,axle,7.9
2026-09-08,Platinum,loba,8.5
2026-09-08,Platinum,pathfinder,10.7
2026-09-08,Platinum,seer,2.6
2026-09-08,Platinum,revenant,1.5
2026-09-08,Platinum,octane,5.9
2026-09-08,Platinum,alter,4.0
2026-09-08,Platinum,mad-maggie,8.0
2026-09-08,Platinum,gibraltar,2.5
2026-09-08,Platinum,bangalore,3.9
2026-09-08,Platinum,vantage,2.3
2026-09-08,Platinum,horizon,1.2
2026-09-08,Platinum,sparrow,3.5
2026-09-08,Platinum,valkyrie,3.1
2026-09-08,Platinum,conduit,2.6
2026-09-08,Platinum,fuse,7.6
2026-09-08,Platinum,caustic,3.7
2026-09-08,Platinum,wraith,4.7
2026-09-08,Platinum,crypto,0.7
2026-09-08,Platinum,catalyst,1.0
2026-09-08,Platinum,mirage,2.1
2026-09-08,Platinum,bloodhound,1.6
2026-09-08,Platinum,lifeline,2.4
2026-09-08,Platinum,newcastle,1.1
2026-09-08,Platinum,wattson,2.6
2026-09-08,Platinum,rampart,1.3
2026-09-08,Platinum,ash,2.3
2026-09-08,Platinum,ballistic,0.7
2026-09-09,Platinum,axle,8.0
2026-09-09,Platinum,loba,8.4
2026-09-09,Platinum,pathfinder,10.6
2026-09-09,Platinum,seer,2.6
2026-09-09,Platinum,revenant,1.5
2026-09-09,Platinum,octane,5.9
2026-09-09,Platinum,alter,4.0
2026-09-09,Platinum,mad-maggie,7.9
2026-09-09,Platinum,gibraltar,2.5
2026-09-09,Platinum,bangalore,3.9
2026-09-09,Platinum,vantage,2.4
2026-09-09,Platinum,horizon,1.2
2026-09-09,Platinum,sparrow,3.5
2026-09-09,Platinum,valkyrie,3.1
2026-09-09,Platinum,conduit,2.6
2026-09-09,Platinum,fuse,7.7
2026-09-09,Platinum,caustic,3.7
2026-09-09,Platinum,wraith,4.7
2026-09-09,Platinum,crypto,0.7
2026-09-09,Platinum,catalyst,1.0
2026-09-09,Platinum,mirage,2.1
2026-09-09,Platinum,bloodhound,1.5
2026-09-09,Platinum,lifeline,2.4
2026-09-09,Platinum,newcastle,1.1
2026-09-09,Platinum,wattson,2.7
2026-09-09,Platinum,rampart,1.3
2026-09-09,Platinum,ash,2.3
2026-09-09,Platinum,ballistic,0.7
2026-09-10,Platinum,axle,8.1
2026-09-10,Platinum,loba,8.2
2026-09-10,Platinum,pathfinder,10.6
2026-09-10,Platinum,seer,2.6
2026-09-10,Platinum,revenant,1.5
2026-09-10,Platinum,octane,5.9
2026-09-10,Platinum,alter,3.8
2026-09-10,Platinum,mad-maggie,7.9
2026-09-10,Platinum,gibraltar,2.4
2026-09-10,Platinum,bangalore,3.9
2026-09-10,Platinum,vantage,2.4
2026-09-10,Platinum,horizon,1.2
2026-09-10,Platinum,sparrow,3.6
2026-09-10,Platinum,valkyrie,3.1
2026-09-10,Platinum,conduit,2.6
2026-09-10,Platinum,fuse,7.7
2026-09-10,Platinum,caustic,3.7
2026-09-10,Platinum,wraith,4.7
2026-09-10,Platinum,crypto,0.7
2026-09-10,Platinum,catalyst,1.0
2026-09-10,Platinum,mirage,2.1
2026-09-10,Platinum,bloodhound,1.5
2026-09-10,Platinum,lifeline,2.4
2026-09-10,Platinum,newcastle,1.1
2026-09-10,Platinum,wattson,2.7
2026-09-10,Platinum,rampart,1.3
2026-09-10,Platinum,ash,2.4
2026-09-10,Platinum,ballistic,0.7
2026-09-11,Platinum,axle,8.2
2026-09-11,Platinum,loba,8.1
2026-09-11,Platinum,pathfinder,10.6
2026-09-11,Platinum,seer,2.6
2026-09-11,Platinum,revenant,1.5
2026-09-11,Platinum,octane,5.9
2026-09-11,Platinum,alter,3.8
2026-09-11,Platinum,mad-maggie,7.9
2026-09-11,Platinum,gibraltar,2.4
2026-09-11,Platinum,bangalore,3.9
2026-09-11,Platinum,vantage,2.4
2026-09-11,Platinum,horizon,1.2
2026-09-11,Platinum,sparrow,3.6
2026-09-11,Platinum,valkyrie,3.1
2026-09-11,Platinum,conduit,2.6
2026-09-11,Platinum,fuse,7.9
2026-09-11,Platinum,caustic,3.7
2026-09-11,Platinum,wraith,4.6
2026-09-11,Platinum,crypto,0.7
2026-09-11,Platinum,catalyst,1.0
2026-09-11,Platinum,mirage,2.1
2026-09-11,Platinum,bloodhound,1.5
2026-09-11,Platinum,lifeline,2.5
2026-09-11,Platinum,newcastle,1.1
2026-09-11,Platinum,wattson,2.6
2026-09-11,Platinum,rampart,1.3
2026-09-11,Platinum,ash,2.3
2026-09-11,Platinum,ballistic,0.7
2026-09-12,Platinum,axle,8.1
2026-09-12,Platinum,loba,8.1
2026-09-12,Platinum,pathfinder,10.5
2026-09-12,Platinum,seer,2.6
2026-09-12,Platinum,revenant,1.5
2026-09-12,Platinum,octane,6.0
2026-09-12,Platinum,alter,4.0
2026-09-12,Platinum,mad-maggie,7.8
2026-09-12,Platinum,gibraltar,2.3
2026-09-12,Platinum,bangalore,3.9
2026-09-12,Platinum,vantage,2.4
2026-09-12,Platinum,horizon,1.2
2026-09-12,Platinum,sparrow,3.7
2026-09-12,Platinum,valkyrie,3.2
2026-09-12,Platinum,conduit,2.6
2026-09-12,Platinum,fuse,8.1
2026-09-12,Platinum,caustic,3.8
2026-09-12,Platinum,wraith,4.5
2026-09-12,Platinum,crypto,0.7
2026-09-12,Platinum,catalyst,1.0
2026-09-12,Platinum,mirage,2.1
2026-09-12,Platinum,bloodhound,1.5
2026-09-12,Platinum,lifeline,2.5
2026-09-12,Platinum,newcastle,1.1
2026-09-12,Platinum,wattson,2.6
2026-09-12,Platinum,rampart,1.3
2026-09-12,Platinum,ash,2.3
2026-09-12,Platinum,ballistic,0.7
2026-09-13,Platinum,axle,8.1
2026-09-13,Platinum,loba,7.9
2026-09-13,Platinum,pathfinder,10.4
2026-09-13,Platinum,seer,2.6
2026-09-13,Platinum,revenant,1.5
2026-09-13,Platinum,octane,6.0
2026-09-13,Platinum,alter,4.0
2026-09-13,Platinum,mad-maggie,7.8
2026-09-13,Platinum,gibraltar,2.3
2026-09-13,Platinum,bangalore,3.9
2026-09-13,Platinum,vantage,2.4
2026-09-13,Platinum,horizon,1.2
2026-09-13,Platinum,sparrow,3.8
2026-09-13,Platinum,valkyrie,3.1
2026-09-13,Platinum,conduit,2.7
2026-09-13,Platinum,fuse,8.2
2026-09-13,Platinum,caustic,3.8
2026-09-13,Platinum,wraith,4.5
2026-09-13,Platinum,crypto,0.7
2026-09-13,Platinum,catalyst,1.0
2026-09-13,Platinum,mirage,2.1
2026-09-13,Platinum,bloodhound,1.5
2026-09-13,Platinum,lifeline,2.6
2026-09-13,Platinum,newcastle,1.1
2026-09-13,Platinum,wattson,2.6
2026-09-13,Platinum,rampart,1.3
2026-09-13,Platinum,ash,2.3
2026-09-13,Platinum,ballistic,0.6
2026-09-14,Platinum,axle,8.2
2026-09-14,Platinum,loba,7.8
2026-09-14,Platinum,pathfinder,10.4
2026-09-14,Platinum,seer,2.6
2026-09-14,Platinum,revenant,1.5
2026-09-14,Platinum,octane,6.0
2026-09-14,Platinum,alter,3.9
2026-09-14,Platinum,mad-maggie,7.7
2026-09-14,Platinum,gibraltar,2.3
2026-09-14,Platinum,bangalore,3.8
2026-09-14,Platinum,vantage,2.4
2026-09-14,Platinum,horizon,1.2
2026-09-14,Platinum,sparrow,3.8
2026-09-14,Platinum,valkyrie,3.1
2026-09-14,Platinum,conduit,2.7
2026-09-14,Platinum,fuse,8.2
2026-09-14,Platinum,caustic,3.7
2026-09-14,Platinum,wraith,4.6
2026-09-14,Platinum,crypto,0.7
2026-09-14,Platinum,catalyst,1.1
2026-09-14,Platinum,mirage,2.1
2026-09-14,Platinum,bloodhound,1.5
2026-09-14,Platinum,lifeline,2.6
2026-09-14,Platinum,newcastle,1.1
2026-09-14,Platinum,wattson,2.6
2026-09-14,Platinum,rampart,1.3
2026-09-14,Platinum,ash,2.2
2026-09-14,Platinum,ballistic,0.7
2026-09-15,Platinum,axle,8.183
2026-09-15,Platinum,loba,7.81
2026-09-15,Platinum,pathfinder,10.408
2026-09-15,Platinum,seer,2.574
2026-09-15,Platinum,revenant,1.525
2026-09-15,Platinum,octane,6.01
2026-09-15,Platinum,alter,3.9
2026-09-15,Platinum,mad-maggie,7.616
2026-09-15,Platinum,gibraltar,2.259
2026-09-15,Platinum,bangalore,3.878
2026-09-15,Platinum,vantage,2.467
2026-09-15,Platinum,horizon,1.159
2026-09-15,Platinum,sparrow,3.785
2026-09-15,Platinum,valkyrie,3.158
2026-09-15,Platinum,conduit,2.724
2026-09-15,Platinum,fuse,8.302
2026-09-15,Platinum,caustic,3.729
2026-09-15,Platinum,wraith,4.471
2026-09-15,Platinum,crypto,0.638
2026-09-15,Platinum,catalyst,1.134
2026-09-15,Platinum,mirage,2.21
2026-09-15,Platinum,bloodhound,1.43
2026-09-15,Platinum,lifeline,2.567
2026-09-15,Platinum,newcastle,1.088
2026-09-15,Platinum,wattson,2.669
2026-09-15,Platinum,rampart,1.322
2026-09-15,Platinum,ash,2.257
2026-09-15,Platinum,ballistic,0.618
2026-09-16,Platinum,axle,8.234
2026-09-16,Platinum,loba,7.76
2026-09-16,Platinum,pathfinder,10.178
2026-09-16,Platinum,seer,2.556
2026-09-16,Platinum,revenant,1.511
2026-09-16,Platinum,octane,6.061
2026-09-16,Platinum,alter,3.935
2026-09-16,Platinum,mad-maggie,7.607
2026-09-16,Platinum,gibraltar,2.266
2026-09-16,Platinum,bangalore,3.764
2026-09-16,Platinum,vantage,2.433
2026-09-16,Platinum,horizon,1.128
2026-09-16,Platinum,sparrow,3.811
2026-09-16,Platinum,valkyrie,3.083
2026-09-16,Platinum,conduit,2.819
2026-09-16,Platinum,fuse,8.281
2026-09-16,Platinum,caustic,3.704
2026-09-16,Platinum,wraith,4.618
2026-09-16,Platinum,crypto,0.631
2026-09-16,Platinum,catalyst,1.229
2026-09-16,Platinum,mirage,2.148
2026-09-16,Platinum,bloodhound,1.385
2026-09-16,Platinum,lifeline,2.655
2026-09-16,Platinum,newcastle,1.064
2026-09-16,Platinum,wattson,2.576
2026-09-16,Platinum,rampart,1.302
2026-09-16,Platinum,ash,2.248
2026-09-16,Platinum,ballistic,0.603
2026-09-17,Platinum,axle,9.163
2026-09-17,Platinum,loba,7.614
2026-09-17,Platinum,pathfinder,10.796
2026-09-17,Platinum,seer,2.506
2026-09-17,Platinum,revenant,1.797
2026-09-17,Platinum,octane,5.708
2026-09-17,Platinum,alter,3.671
2026-09-17,Platinum,mad-maggie,7.473
2026-09-17,Platinum,gibraltar,1.98
2026-09-17,Platinum,bangalore,3.76
2026-09-17,Platinum,vantage,2.407
2026-09-17,Platinum,horizon,1.135
2026-09-17,Platinum,sparrow,3.676
2026-09-17,Platinum,valkyrie,2.785
2026-09-17,Platinum,conduit,4.078
2026-09-17,Platinum,fuse,8.369
2026-09-17,Platinum,caustic,3.135
2026-09-17,Platinum,wraith,4.418
2026-09-17,Platinum,crypto,0.646
2026-09-17,Platinum,catalyst,2.244
2026-09-17,Platinum,mirage,2.008
2026-09-17,Platinum,bloodhound,1.27
2026-09-17,Platinum,lifeline,2.3
2026-09-17,Platinum,newcastle,0.952
2026-09-17,Platinum,wattson,2.32
2026-09-17,Platinum,rampart,1.13
2026-09-17,Platinum,ash,2.106
2026-09-17,Platinum,ballistic,0.631
2026-09-18,Platinum,axle,9.676
2026-09-18,Platinum,loba,7.467
2026-09-18,Platinum,pathfinder,11.117
2026-09-18,Platinum,seer,2.493
2026-09-18,Platinum,revenant,1.958
2026-09-18,Platinum,octane,5.496
2026-09-18,Platinum,alter,3.413
2026-09-18,Platinum,mad-maggie,7.348
2026-09-18,Platinum,gibraltar,1.84
2026-09-18,Platinum,bangalore,3.868
2026-09-18,Platinum,vantage,2.469
2026-09-18,Platinum,horizon,1.126
2026-09-18,Platinum,sparrow,3.484
2026-09-18,Platinum,valkyrie,2.64
2026-09-18,Platinum,conduit,4.734
2026-09-18,Platinum,fuse,8.237
2026-09-18,Platinum,caustic,2.808
2026-09-18,Platinum,wraith,4.187
2026-09-18,Platinum,crypto,0.608
2026-09-18,Platinum,catalyst,2.975
2026-09-18,Platinum,mirage,1.858
2026-09-18,Platinum,bloodhound,1.166
2026-09-18,Platinum,lifeline,2.194
2026-09-18,Platinum,newcastle,0.89
2026-09-18,Platinum,wattson,2.165
2026-09-18,Platinum,rampart,1.056
2026-09-18,Platinum,ash,2.006
2026-09-18,Platinum,ballistic,0.607
2026-09-19,Platinum,axle,10.2
2026-09-19,Platinum,loba,7.3
2026-09-19,Platinum,pathfinder,11.5
2026-09-19,Platinum,seer,2.4
2026-09-19,Platinum,revenant,2.1
2026-09-19,Platinum,octane,5.3
2026-09-19,Platinum,alter,3.1
2026-09-19,Platinum,mad-maggie,7.3
2026-09-19,Platinum,gibraltar,1.8
2026-09-19,Platinum,bangalore,4.0
2026-09-19,Platinum,vantage,2.5
2026-09-19,Platinum,horizon,1.1
2026-09-19,Platinum,sparrow,3.5
2026-09-19,Platinum,valkyrie,2.5
2026-09-19,Platinum,conduit,5.4
2026-09-19,Platinum,fuse,7.9
2026-09-19,Platinum,caustic,2.4
2026-09-19,Platinum,wraith,4.1
2026-09-19,Platinum,crypto,0.6
2026-09-19,Platinum,catalyst,3.7
2026-09-19,Platinum,mirage,1.8
2026-09-19,Platinum,bloodhound,1.1
2026-09-19,Platinum,lifeline,2.0
2026-09-19,Platinum,newcastle,0.9
2026-09-19,Platinum,wattson,1.9
2026-09-19,Platinum,rampart,1.0
2026-09-19,Platinum,ash,2.0
2026-09-19,Platinum,ballistic,0.5
2026-09-20,Platinum,axle,10.5
2026-09-20,Platinum,loba,7.3
2026-09-20,Platinum,pathfinder,11.7
2026-09-20,Platinum,seer,2.4
2026-09-20,Platinum,revenant,2.2
2026-09-20,Platinum,octane,5.2
2026-09-20,Platinum,alter,3.0
2026-09-20,Platinum,mad-maggie,7.3
2026-09-20,Platinum,gibraltar,1.8
2026-09-20,Platinum,bangalore,4.0
2026-09-20,Platinum,vantage,2.5
2026-09-20,Platinum,horizon,1.1
2026-09-20,Platinum,sparrow,3.4
2026-09-20,Platinum,valkyrie,2.5
2026-09-20,Platinum,conduit,5.7
2026-09-20,Platinum,fuse,7.6
2026-09-20,Platinum,caustic,2.3
2026-09-20,Platinum,wraith,4.1
2026-09-20,Platinum,crypto,0.5
2026-09-20,Platinum,catalyst,4.0
2026-09-20,Platinum,mirage,1.7
2026-09-20,Platinum,bloodhound,1.0
2026-09-20,Platinum,lifeline,2.0
2026-09-20,Platinum,newcastle,0.8
2026-09-20,Platinum,wattson,1.8
2026-09-20,Platinum,rampart,1.0
2026-09-20,Platinum,ash,2.0
2026-09-20,Platinum,ballistic,0.5
2026-09-21,Platinum,axle,10.6
2026-09-21,Platinum,loba,7.2
2026-09-21,Platinum,pathfinder,11.7
2026-09-21,Platinum,seer,2.4
2026-09-21,Platinum,revenant,2.2
2026-09-21,Platinum,octane,5.2
2026-09-21,Platinum,alter,2.9
2026-09-21,Platinum,mad-maggie,7.3
2026-09-21,Platinum,gibraltar,1.7
2026-09-21,Platinum,bangalore,4.1
2026-09-21,Platinum,vantage,2.5
2026-09-21,Platinum,horizon,1.1
2026-09-21,Platinum,sparrow,3.4
2026-09-21,Platinum,valkyrie,2.5
2026-09-21,Platinum,conduit,5.8
2026-09-21,Platinum,fuse,7.5
2026-09-21,Platinum,caustic,2.2
2026-09-21,Platinum,wraith,4.1
2026-09-21,Platinum,crypto,0.5
2026-09-21,Platinum,catalyst,4.2
2026-09-21,Platinum,mirage,1.8
2026-09-21,Platinum,bloodhound,1.0
2026-09-21,Platinum,lifeline,1.9
2026-09-21,Platinum,newcastle,0.8
2026-09-21,Platinum,wattson,1.8
2026-09-21,Platinum,rampart,1.0
2026-09-21,Platinum,ash,2.0
2026-09-21,Platinum,ballistic,0.5
2026-09-22,Platinum,axle,10.8
2026-09-22,Platinum,loba,7.2
2026-09-22,Platinum,pathfinder,11.7
2026-09-22,Platinum,seer,2.4
2026-09-22,Platinum,revenant,2.3
2026-09-22,Platinum,octane,5.2
2026-09-22,Platinum,alter,2.8
2026-09-22,Platinum,mad-maggie,7.3
2026-09-22,Platinum,gibraltar,1.7
2026-09-22,Platinum,bangalore,4.1
2026-09-22,Platinum,vantage,2.5
2026-09-22,Platinum,horizon,1.1
2026-09-22,Platinum,sparrow,3.5
2026-09-22,Platinum,valkyrie,2.5
2026-09-22,Platinum,conduit,5.9
2026-09-22,Platinum,fuse,7.4
2026-09-22,Platinum,caustic,2.1
2026-09-22,Platinum,wraith,4.0
2026-09-22,Platinum,crypto,0.5
2026-09-22,Platinum,catalyst,4.3
2026-09-22,Platinum,mirage,1.8
2026-09-22,Platinum,bloodhound,0.9
2026-09-22,Platinum,lifeline,1.9
2026-09-22,Platinum,newcastle,0.8
2026-09-22,Platinum,wattson,1.8
2026-09-22,Platinum,rampart,1.0
2026-09-22,Platinum,ash,2.0
2026-09-22,Platinum,ballistic,0.5
2026-09-23,Platinum,axle,10.9
2026-09-23,Platinum,loba,7.3
2026-09-23,Platinum,pathfinder,11.6
2026-09-23,Platinum,seer,2.4
2026-09-23,Platinum,revenant,2.2
2026-09-23,Platinum,octane,5.2
2026-09-23,Platinum,alter,2.8
2026-09-23,Platinum,mad-maggie,7.3
2026-09-23,Platinum,gibraltar,1.8
2026-09-23,Platinum,bangalore,4.1
2026-09-23,Platinum,vantage,2.5
2026-09-23,Platinum,horizon,1.1
2026-09-23,Platinum,sparrow,3.5
2026-09-23,Platinum,valkyrie,2.5
2026-09-23,Platinum,conduit,5.7
2026-09-23,Platinum,fuse,7.1
2026-09-23,Platinum,caustic,2.1
2026-09-23,Platinum,wraith,4.1
2026-09-23,Platinum,crypto,0.5
2026-09-23,Platinum,catalyst,4.1
2026-09-23,Platinum,mirage,1.8
2026-09-23,Platinum,bloodhound,0.9
2026-09-23,Platinum,lifeline,2.0
2026-09-23,Platinum,newcastle,0.8
2026-09-23,Platinum,wattson,1.8
2026-09-23,Platinum,rampart,1.0
2026-09-23,Platinum,ash,2.0
2026-09-23,Platinum,ballistic,0.5
2026-09-24,Platinum,axle,10.9
2026-09-24,Platinum,loba,7.3
2026-09-24,Platinum,pathfinder,11.8
2026-09-24,Platinum,seer,2.4
2026-09-24,Platinum,revenant,2.2
2026-09-24,Platinum,octane,5.3
2026-09-24,Platinum,alter,2.8
2026-09-24,Platinum,mad-maggie,7.4
2026-09-24,Platinum,gibraltar,1.8
2026-09-24,Platinum,bangalore,4.1
2026-09-24,Platinum,vantage,2.6
2026-09-24,Platinum,horizon,1.1
2026-09-24,Platinum,sparrow,3.6
2026-09-24,Platinum,valkyrie,2.5
2026-09-24,Platinum,conduit,5.6
2026-09-24,Platinum,fuse,6.9
2026-09-24,Platinum,caustic,2.1
2026-09-24,Platinum,wraith,4.1
2026-09-24,Platinum,crypto,0.6
2026-09-24,Platinum,catalyst,3.9
2026-09-24,Platinum,mirage,1.9
2026-09-24,Platinum,bloodhound,0.9
2026-09-24,Platinum,lifeline,2.0
2026-09-24,Platinum,newcastle,0.8
2026-09-24,Platinum,wattson,1.9
2026-09-24,Platinum,rampart,1.0
2026-09-24,Platinum,ash,2.0
2026-09-24,Platinum,ballistic,0.6
2026-09-25,Platinum,axle,10.8
2026-09-25,Platinum,loba,7.4
2026-09-25,Platinum,pathfinder,11.9
2026-09-25,Platinum,seer,2.4
2026-09-25,Platinum,revenant,2.2
2026-09-25,Platinum,octane,5.3
2026-09-25,Platinum,alter,2.8
2026-09-25,Platinum,mad-maggie,7.4
2026-09-25,Platinum,gibraltar,1.8
2026-09-25,Platinum,bangalore,4.1
2026-09-25,Platinum,vantage,2.6
2026-09-25,Platinum,horizon,1.1
2026-09-25,Platinum,sparrow,3.6
2026-09-25,Platinum,valkyrie,2.5
2026-09-25,Platinum,conduit,5.4
2026-09-25,Platinum,fuse,6.7
2026-09-25,Platinum,caustic,2.2
2026-09-25,Platinum,wraith,4.0
2026-09-25,Platinum,crypto,0.6
2026-09-25,Platinum,catalyst,3.8
2026-09-25,Platinum,mirage,1.9
2026-09-25,Platinum,bloodhound,0.9
2026-09-25,Platinum,lifeline,2.1
2026-09-25,Platinum,newcastle,0.8
2026-09-25,Platinum,wattson,2.0
2026-09-25,Platinum,rampart,1.0
2026-09-25,Platinum,ash,2.0
2026-09-25,Platinum,ballistic,0.6
2026-08-29,Diamond,axle,13.64
2026-08-29,Diamond,loba,12.496
2026-08-29,Diamond,pathfinder,13.162
2026-08-29,Diamond,seer,3.744
2026-08-29,Diamond,revenant,1.772
2026-08-29,Diamond,octane,3.495
2026-08-29,Diamond,alter,4.461
2026-08-29,Diamond,mad-maggie,9.501
2026-08-29,Diamond,gibraltar,2.46
2026-08-29,Diamond,bangalore,4.482
2026-08-29,Diamond,vantage,1.96
2026-08-29,Diamond,horizon,1.198
2026-08-29,Diamond,sparrow,2.527
2026-08-29,Diamond,valkyrie,1.81
2026-08-29,Diamond,conduit,1.835
2026-08-29,Diamond,fuse,5.248
2026-08-29,Diamond,caustic,2.314
2026-08-29,Diamond,wraith,3.756
2026-08-29,Diamond,crypto,0.736
2026-08-29,Diamond,catalyst,0.692
2026-08-29,Diamond,mirage,1.046
2026-08-29,Diamond,bloodhound,0.882
2026-08-29,Diamond,lifeline,1.114
2026-08-29,Diamond,newcastle,0.699
2026-08-29,Diamond,wattson,2.181
2026-08-29,Diamond,rampart,0.871
2026-08-29,Diamond,ash,1.441
2026-08-29,Diamond,ballistic,0.385
2026-08-30,Diamond,axle,12.969
2026-08-30,Diamond,loba,12.405
2026-08-30,Diamond,pathfinder,13.335
2026-08-30,Diamond,seer,3.58
2026-08-30,Diamond,revenant,1.78
2026-08-30,Diamond,octane,3.533
2026-08-30,Diamond,alter,4.419
2026-08-30,Diamond,mad-maggie,9.427
2026-08-30,Diamond,gibraltar,2.459
2026-08-30,Diamond,bangalore,4.552
2026-08-30,Diamond,vantage,2.057
2026-08-30,Diamond,horizon,1.121
2026-08-30,Diamond,sparrow,2.582
2026-08-30,Diamond,valkyrie,1.828
2026-08-30,Diamond,conduit,1.947
2026-08-30,Diamond,fuse,5.352
2026-08-30,Diamond,caustic,2.383
2026-08-30,Diamond,wraith,3.841
2026-08-30,Diamond,crypto,0.775
2026-08-30,Diamond,catalyst,0.718
2026-08-30,Diamond,mirage,1.016
2026-08-30,Diamond,bloodhound,0.903
2026-08-30,Diamond,lifeline,1.194
2026-08-30,Diamond,newcastle,0.713
2026-08-30,Diamond,wattson,2.193
2026-08-30,Diamond,rampart,0.898
2026-08-30,Diamond,ash,1.445
2026-08-30,Diamond,ballistic,0.389
2026-08-31,Diamond,axle,12.54
2026-08-31,Diamond,loba,12.297
2026-08-31,Diamond,pathfinder,13.586
2026-08-31,Diamond,seer,3.478
2026-08-31,Diamond,revenant,1.772
2026-08-31,Diamond,octane,3.622
2026-08-31,Diamond,alter,4.428
2026-08-31,Diamond,mad-maggie,9.458
2026-08-31,Diamond,gibraltar,2.438
2026-08-31,Diamond,bangalore,4.455
2026-08-31,Diamond,vantage,2.095
2026-08-31,Diamond,horizon,1.198
2026-08-31,Diamond,sparrow,2.677
2026-08-31,Diamond,valkyrie,1.825
2026-08-31,Diamond,conduit,1.875
2026-08-31,Diamond,fuse,5.646
2026-08-31,Diamond,caustic,2.453
2026-08-31,Diamond,wraith,3.85
2026-08-31,Diamond,crypto,0.727
2026-08-31,Diamond,catalyst,0.762
2026-08-31,Diamond,mirage,1.146
2026-08-31,Diamond,bloodhound,0.942
2026-08-31,Diamond,lifeline,1.196
2026-08-31,Diamond,newcastle,0.775
2026-08-31,Diamond,wattson,2.246
2026-08-31,Diamond,rampart,0.915
2026-08-31,Diamond,ash,1.531
2026-08-31,Diamond,ballistic,0.365
2026-09-01,Diamond,axle,12.088
2026-09-01,Diamond,loba,12.162
2026-09-01,Diamond,pathfinder,13.69
2026-09-01,Diamond,seer,3.35
2026-09-01,Diamond,revenant,1.744
2026-09-01,Diamond,octane,3.717
2026-09-01,Diamond,alter,4.408
2026-09-01,Diamond,mad-maggie,9.481
2026-09-01,Diamond,gibraltar,2.357
2026-09-01,Diamond,bangalore,4.466
2026-09-01,Diamond,vantage,2.15
2026-09-01,Diamond,horizon,1.215
2026-09-01,Diamond,sparrow,2.691
2026-09-01,Diamond,valkyrie,1.838
2026-09-01,Diamond,conduit,1.918
2026-09-01,Diamond,fuse,5.787
2026-09-01,Diamond,caustic,2.5
2026-09-01,Diamond,wraith,3.856
2026-09-01,Diamond,crypto,0.686
2026-09-01,Diamond,catalyst,0.788
2026-09-01,Diamond,mirage,1.128
2026-09-01,Diamond,bloodhound,0.932
2026-09-01,Diamond,lifeline,1.154
2026-09-01,Diamond,newcastle,0.818
2026-09-01,Diamond,wattson,2.202
2026-09-01,Diamond,rampart,0.934
2026-09-01,Diamond,ash,1.589
2026-09-01,Diamond,ballistic,0.358
2026-09-02,Diamond,axle,11.81
2026-09-02,Diamond,loba,11.957
2026-09-02,Diamond,pathfinder,13.605
2026-09-02,Diamond,seer,3.336
2026-09-02,Diamond,revenant,1.742
2026-09-02,Diamond,octane,3.813
2026-09-02,Diamond,alter,4.688
2026-09-02,Diamond,mad-maggie,9.458
2026-09-02,Diamond,gibraltar,2.362
2026-09-02,Diamond,bangalore,4.387
2026-09-02,Diamond,vantage,2.173
2026-09-02,Diamond,horizon,1.208
2026-09-02,Diamond,sparrow,2.732
2026-09-02,Diamond,valkyrie,1.808
2026-09-02,Diamond,conduit,1.89
2026-09-02,Diamond,fuse,6.022
2026-09-02,Diamond,caustic,2.541
2026-09-02,Diamond,wraith,3.87
2026-09-02,Diamond,crypto,0.741
2026-09-02,Diamond,catalyst,0.799
2026-09-02,Diamond,mirage,1.126
2026-09-02,Diamond,bloodhound,0.988
2026-09-02,Diamond,lifeline,1.123
2026-09-02,Diamond,newcastle,0.8
2026-09-02,Diamond,wattson,2.302
2026-09-02,Diamond,rampart,0.894
2026-09-02,Diamond,ash,1.569
2026-09-02,Diamond,ballistic,0.361
2026-09-03,Diamond,axle,11.745
2026-09-03,Diamond,loba,11.746
2026-09-03,Diamond,pathfinder,13.566
2026-09-03,Diamond,seer,3.278
2026-09-03,Diamond,revenant,1.704
2026-09-03,Diamond,octane,3.717
2026-09-03,Diamond,alter,4.786
2026-09-03,Diamond,mad-maggie,9.443
2026-09-03,Diamond,gibraltar,2.353
2026-09-03,Diamond,bangalore,4.474
2026-09-03,Diamond,vantage,2.125
2026-09-03,Diamond,horizon,1.186
2026-09-03,Diamond,sparrow,2.695
2026-09-03,Diamond,valkyrie,1.812
2026-09-03,Diamond,conduit,1.983
2026-09-03,Diamond,fuse,6.131
2026-09-03,Diamond,caustic,2.519
2026-09-03,Diamond,wraith,3.78
2026-09-03,Diamond,crypto,0.787
2026-09-03,Diamond,catalyst,0.819
2026-09-03,Diamond,mirage,1.119
2026-09-03,Diamond,bloodhound,1.037
2026-09-03,Diamond,lifeline,1.162
2026-09-03,Diamond,newcastle,0.819
2026-09-03,Diamond,wattson,2.349
2026-09-03,Diamond,rampart,0.903
2026-09-03,Diamond,ash,1.6
2026-09-03,Diamond,ballistic,0.369
2026-09-04,Diamond,axle,11.928
2026-09-04,Diamond,loba,11.589
2026-09-04,Diamond,pathfinder,13.486
2026-09-04,Diamond,seer,3.267
2026-09-04,Diamond,revenant,1.698
2026-09-04,Diamond,octane,3.814
2026-09-04,Diamond,alter,4.728
2026-09-04,Diamond,mad-maggie,9.375
2026-09-04,Diamond,gibraltar,2.255
2026-09-04,Diamond,bangalore,4.442
2026-09-04,Diamond,vantage,2.209
2026-09-04,Diamond,horizon,1.132
2026-09-04,Diamond,sparrow,2.612
2026-09-04,Diamond,valkyrie,1.82
2026-09-04,Diamond,conduit,1.986
2026-09-04,Diamond,fuse,6.25
2026-09-04,Diamond,caustic,2.477
2026-09-04,Diamond,wraith,3.828
2026-09-04,Diamond,crypto,0.736
2026-09-04,Diamond,catalyst,0.801
2026-09-04,Diamond,mirage,1.144
2026-09-04,Diamond,bloodhound,1.006
2026-09-04,Diamond,lifeline,1.253
2026-09-04,Diamond,newcastle,0.737
2026-09-04,Diamond,wattson,2.358
2026-09-04,Diamond,rampart,0.925
2026-09-04,Diamond,ash,1.674
2026-09-04,Diamond,ballistic,0.363
2026-09-05,Diamond,axle,12.1
2026-09-05,Diamond,loba,11.2
2026-09-05,Diamond,pathfinder,13.5
2026-09-05,Diamond,seer,3.2
2026-09-05,Diamond,revenant,1.7
2026-09-05,Diamond,octane,3.8
2026-09-05,Diamond,alter,4.9
2026-09-05,Diamond,mad-maggie,9.3
2026-09-05,Diamond,gibraltar,2.2
2026-09-05,Diamond,bangalore,4.4
2026-09-05,Diamond,vantage,2.2
2026-09-05,Diamond,horizon,1.2
2026-09-05,Diamond,sparrow,2.7
2026-09-05,Diamond,valkyrie,1.9
2026-09-05,Diamond,conduit,1.9
2026-09-05,Diamond,fuse,6.3
2026-09-05,Diamond,caustic,2.5
2026-09-05,Diamond,wraith,3.8
2026-09-05,Diamond,crypto,0.8
2026-09-05,Diamond,catalyst,0.8
2026-09-05,Diamond,mirage,1.2
2026-09-05,Diamond,bloodhound,1.1
2026-09-05,Diamond,lifeline,1.2
2026-09-05,Diamond,newcastle,0.8
2026-09-05,Diamond,wattson,2.3
2026-09-05,Diamond,rampart,0.9
2026-09-05,Diamond,ash,1.6
2026-09-05,Diamond,ballistic,0.4
2026-09-06,Diamond,axle,12.3
2026-09-06,Diamond,loba,11.1
2026-09-06,Diamond,pathfinder,13.6
2026-09-06,Diamond,seer,3.2
2026-09-06,Diamond,revenant,1.7
2026-09-06,Diamond,octane,3.8
2026-09-06,Diamond,alter,4.6
2026-09-06,Diamond,mad-maggie,9.1
2026-09-06,Diamond,gibraltar,2.2
2026-09-06,Diamond,bangalore,4.5
2026-09-06,Diamond,vantage,2.3
2026-09-06,Diamond,horizon,1.1
2026-09-06,Diamond,sparrow,2.7
2026-09-06,Diamond,valkyrie,1.9
2026-09-06,Diamond,conduit,2.0
2026-09-06,Diamond,fuse,6.3
2026-09-06,Diamond,caustic,2.4
2026-09-06,Diamond,wraith,3.9
2026-09-06,Diamond,crypto,0.8
2026-09-06,Diamond,catalyst,0.8
2026-09-06,Diamond,mirage,1.2
2026-09-06,Diamond,bloodhound,1.1
2026-09-06,Diamond,lifeline,1.3
2026-09-06,Diamond,newcastle,0.8
2026-09-06,Diamond,wattson,2.2
2026-09-06,Diamond,rampart,0.9
2026-09-06,Diamond,ash,1.6
2026-09-06,Diamond,ballistic,0.4
2026-09-07,Diamond,axle,12.4
2026-09-07,Diamond,loba,11.0
2026-09-07,Diamond,pathfinder,13.4
2026-09-07,Diamond,seer,3.3
2026-09-07,Diamond,revenant,1.7
2026-09-07,Diamond,octane,3.8
2026-09-07,Diamond,alter,4.8
2026-09-07,Diamond,mad-maggie,9.2
2026-09-07,Diamond,gibraltar,2.2
2026-09-07,Diamond,bangalore,4.4
2026-09-07,Diamond,vantage,2.3
2026-09-07,Diamond,horizon,1.2
2026-09-07,Diamond,sparrow,2.7
2026-09-07,Diamond,valkyrie,1.9
2026-09-07,Diamond,conduit,2.0
2026-09-07,Diamond,fuse,6.4
2026-09-07,Diamond,caustic,2.5
2026-09-07,Diamond,wraith,3.9
2026-09-07,Diamond,crypto,0.7
2026-09-07,Diamond,catalyst,0.8
2026-09-07,Diamond,mirage,1.3
2026-09-07,Diamond,bloodhound,1.1
2026-09-07,Diamond,lifeline,1.3
2026-09-07,Diamond,newcastle,0.8
2026-09-07,Diamond,wattson,2.3
2026-09-07,Diamond,rampart,0.9
2026-09-07,Diamond,ash,1.6
2026-09-07,Diamond,ballistic,0.4
2026-09-08,Diamond,axle,12.4
2026-09-08,Diamond,loba,10.8
2026-09-08,Diamond,pathfinder,13.2
2026-09-08,Diamond,seer,3.2
2026-09-08,Diamond,revenant,1.7
2026-09-08,Diamond,octane,3.9
2026-09-08,Diamond,alter,4.8
2026-09-08,Diamond,mad-maggie,9.3
2026-09-08,Diamond,gibraltar,2.1
2026-09-08,Diamond,bangalore,4.4
2026-09-08,Diamond,vantage,2.3
2026-09-08,Diamond,horizon,1.2
2026-09-08,Diamond,sparrow,2.7
2026-09-08,Diamond,valkyrie,1.9
2026-09-08,Diamond,conduit,2.0
2026-09-08,Diamond,fuse,6.4
2026-09-08,Diamond,caustic,2.6
2026-09-08,Diamond,wraith,3.9
2026-09-08,Diamond,crypto,0.7
2026-09-08,Diamond,catalyst,0.8
2026-09-08,Diamond,mirage,1.3
2026-09-08,Diamond,bloodhound,1.1
2026-09-08,Diamond,lifeline,1.3
2026-09-08,Diamond,newcastle,0.8
2026-09-08,Diamond,wattson,2.3
2026-09-08,Diamond,rampart,0.9
2026-09-08,Diamond,ash,1.6
2026-09-08,Diamond,ballistic,0.4
2026-09-09,Diamond,axle,12.5
2026-09-09,Diamond,loba,10.6
2026-09-09,Diamond,pathfinder,13.2
2026-09-09,Diamond,seer,3.2
2026-09-09,Diamond,revenant,1.7
2026-09-09,Diamond,octane,4.0
2026-09-09,Diamond,alter,4.8
2026-09-09,Diamond,mad-maggie,9.2
2026-09-09,Diamond,gibraltar,2.1
2026-09-09,Diamond,bangalore,4.3
2026-09-09,Diamond,vantage,2.4
2026-09-09,Diamond,horizon,1.2
2026-09-09,Diamond,sparrow,2.8
2026-09-09,Diamond,valkyrie,1.9
2026-09-09,Diamond,conduit,2.0
2026-09-09,Diamond,fuse,6.4
2026-09-09,Diamond,caustic,2.6
2026-09-09,Diamond,wraith,3.9
2026-09-09,Diamond,crypto,0.8
2026-09-09,Diamond,catalyst,0.8
2026-09-09,Diamond,mirage,1.3
2026-09-09,Diamond,bloodhound,1.1
2026-09-09,Diamond,lifeline,1.3
2026-09-09,Diamond,newcastle,0.8
2026-09-09,Diamond,wattson,2.3
2026-09-09,Diamond,rampart,0.9
2026-09-09,Diamond,ash,1.6
2026-09-09,Diamond,ballistic,0.4
2026-09-10,Diamond,axle,12.7
2026-09-10,Diamond,loba,10.5
2026-09-10,Diamond,pathfinder,13.3
2026-09-10,Diamond,seer,3.1
2026-09-10,Diamond,revenant,1.7
2026-09-10,Diamond,octane,4.0
2026-09-10,Diamond,alter,4.7
2026-09-10,Diamond,mad-maggie,9.1
2026-09-10,Diamond,gibraltar,2.1
2026-09-10,Diamond,bangalore,4.3
2026-09-10,Diamond,vantage,2.4
2026-09-10,Diamond,horizon,1.2
2026-09-10,Diamond,sparrow,2.8
2026-09-10,Diamond,valkyrie,1.9
2026-09-10,Diamond,conduit,2.1
2026-09-10,Diamond,fuse,6.4
2026-09-10,Diamond,caustic,2.5
2026-09-10,Diamond,wraith,3.8
2026-09-10,Diamond,crypto,0.8
2026-09-10,Diamond,catalyst,0.8
2026-09-10,Diamond,mirage,1.3
2026-09-10,Diamond,bloodhound,1.1
2026-09-10,Diamond,lifeline,1.4
2026-09-10,Diamond,newcastle,0.8
2026-09-10,Diamond,wattson,2.3
2026-09-10,Diamond,rampart,0.9
2026-09-10,Diamond,ash,1.6
2026-09-10,Diamond,ballistic,0.4
2026-09-11,Diamond,axle,12.8
2026-09-11,Diamond,loba,10.5
2026-09-11,Diamond,pathfinder,13.4
2026-09-11,Diamond,seer,3.1
2026-09-11,Diamond,revenant,1.7
2026-09-11,Diamond,octane,4.1
2026-09-11,Diamond,alter,4.6
2026-09-11,Diamond,mad-maggie,9.1
2026-09-11,Diamond,gibraltar,2.0
2026-09-11,Diamond,bangalore,4.2
2026-09-11,Diamond,vantage,2.5
2026-09-11,Diamond,horizon,1.1
2026-09-11,Diamond,sparrow,2.8
2026-09-11,Diamond,valkyrie,1.9
2026-09-11,Diamond,conduit,2.1
2026-09-11,Diamond,fuse,6.5
2026-09-11,Diamond,caustic,2.5
2026-09-11,Diamond,wraith,3.8
2026-09-11,Diamond,crypto,0.7
2026-09-11,Diamond,catalyst,0.8
2026-09-11,Diamond,mirage,1.3
2026-09-11,Diamond,bloodhound,1.0
2026-09-11,Diamond,lifeline,1.4
2026-09-11,Diamond,newcastle,0.7
2026-09-11,Diamond,wattson,2.3
2026-09-11,Diamond,rampart,0.9
2026-09-11,Diamond,ash,1.7
2026-09-11,Diamond,ballistic,0.4
2026-09-12,Diamond,axle,12.6
2026-09-12,Diamond,loba,10.4
2026-09-12,Diamond,pathfinder,13.2
2026-09-12,Diamond,seer,3.1
2026-09-12,Diamond,revenant,1.7
2026-09-12,Diamond,octane,4.2
2026-09-12,Diamond,alter,4.8
2026-09-12,Diamond,mad-maggie,9.1
2026-09-12,Diamond,gibraltar,2.0
2026-09-12,Diamond,bangalore,4.2
2026-09-12,Diamond,vantage,2.4
2026-09-12,Diamond,horizon,1.1
2026-09-12,Diamond,sparrow,2.9
2026-09-12,Diamond,valkyrie,1.9
2026-09-12,Diamond,conduit,2.1
2026-09-12,Diamond,fuse,6.6
2026-09-12,Diamond,caustic,2.6
2026-09-12,Diamond,wraith,3.9
2026-09-12,Diamond,crypto,0.7
2026-09-12,Diamond,catalyst,0.9
2026-09-12,Diamond,mirage,1.3
2026-09-12,Diamond,bloodhound,1.0
2026-09-12,Diamond,lifeline,1.4
2026-09-12,Diamond,newcastle,0.7
2026-09-12,Diamond,wattson,2.3
2026-09-12,Diamond,rampart,0.8
2026-09-12,Diamond,ash,1.6
2026-09-12,Diamond,ballistic,0.4
2026-09-13,Diamond,axle,12.6
2026-09-13,Diamond,loba,10.2
2026-09-13,Diamond,pathfinder,13.1
2026-09-13,Diamond,seer,3.1
2026-09-13,Diamond,revenant,1.7
2026-09-13,Diamond,octane,4.2
2026-09-13,Diamond,alter,4.8
2026-09-13,Diamond,mad-maggie,9.1
2026-09-13,Diamond,gibraltar,1.9
2026-09-13,Diamond,bangalore,4.2
2026-09-13,Diamond,vantage,2.5
2026-09-13,Diamond,horizon,1.1
2026-09-13,Diamond,sparrow,2.9
2026-09-13,Diamond,valkyrie,1.9
2026-09-13,Diamond,conduit,2.2
2026-09-13,Diamond,fuse,6.7
2026-09-13,Diamond,caustic,2.6
2026-09-13,Diamond,wraith,3.8
2026-09-13,Diamond,crypto,0.7
2026-09-13,Diamond,catalyst,0.9
2026-09-13,Diamond,mirage,1.4
2026-09-13,Diamond,bloodhound,1.0
2026-09-13,Diamond,lifeline,1.4
2026-09-13,Diamond,newcastle,0.8
2026-09-13,Diamond,wattson,2.4
2026-09-13,Diamond,rampart,0.8
2026-09-13,Diamond,ash,1.7
2026-09-13,Diamond,ballistic,0.4
2026-09-14,Diamond,axle,12.6
2026-09-14,Diamond,loba,10.1
2026-09-14,Diamond,pathfinder,13.1
2026-09-14,Diamond,seer,3.0
2026-09-14,Diamond,revenant,1.7
2026-09-14,Diamond,octane,4.3
2026-09-14,Diamond,alter,4.6
2026-09-14,Diamond,mad-maggie,9.0
2026-09-14,Diamond,gibraltar,1.9
2026-09-14,Diamond,bangalore,4.2
2026-09-14,Diamond,vantage,2.6
2026-09-14,Diamond,horizon,1.1
2026-09-14,Diamond,sparrow,3.0
2026-09-14,Diamond,valkyrie,2.0
2026-09-14,Diamond,conduit,2.3
2026-09-14,Diamond,fuse,6.7
2026-09-14,Diamond,caustic,2.6
2026-09-14,Diamond,wraith,3.8
2026-09-14,Diamond,crypto,0.7
2026-09-14,Diamond,catalyst,0.9
2026-09-14,Diamond,mirage,1.4
2026-09-14,Diamond,bloodhound,1.0
2026-09-14,Diamond,lifeline,1.4
2026-09-14,Diamond,newcastle,0.8
2026-09-14,Diamond,wattson,2.4
2026-09-14,Diamond,rampart,0.8
2026-09-14,Diamond,ash,1.7
2026-09-14,Diamond,ballistic,0.4
2026-09-15,Diamond,axle,12.678
2026-09-15,Diamond,loba,10.051
2026-09-15,Diamond,pathfinder,13.131
2026-09-15,Diamond,seer,3.007
2026-09-15,Diamond,revenant,1.674
2026-09-15,Diamond,octane,4.207
2026-09-15,Diamond,alter,4.528
2026-09-15,Diamond,mad-maggie,8.971
2026-09-15,Diamond,gibraltar,1.954
2026-09-15,Diamond,bangalore,4.181
2026-09-15,Diamond,vantage,2.582
2026-09-15,Diamond,horizon,1.123
2026-09-15,Diamond,sparrow,2.983
2026-09-15,Diamond,valkyrie,1.902
2026-09-15,Diamond,conduit,2.244
2026-09-15,Diamond,fuse,6.786
2026-09-15,Diamond,caustic,2.539
2026-09-15,Diamond,wraith,3.876
2026-09-15,Diamond,crypto,0.741
2026-09-15,Diamond,catalyst,0.947
2026-09-15,Diamond,mirage,1.363
2026-09-15,Diamond,bloodhound,1.067
2026-09-15,Diamond,lifeline,1.452
2026-09-15,Diamond,newcastle,0.765
2026-09-15,Diamond,wattson,2.406
2026-09-15,Diamond,rampart,0.925
2026-09-15,Diamond,ash,1.768
2026-09-15,Diamond,ballistic,0.481
2026-09-16,Diamond,axle,12.536
2026-09-16,Diamond,loba,9.971
2026-09-16,Diamond,pathfinder,13.058
2026-09-16,Diamond,seer,2.856
2026-09-16,Diamond,revenant,1.599
2026-09-16,Diamond,octane,4.388
2026-09-16,Diamond,alter,4.6
2026-09-16,Diamond,mad-maggie,8.911
2026-09-16,Diamond,gibraltar,1.931
2026-09-16,Diamond,bangalore,4.047
2026-09-16,Diamond,vantage,2.603
2026-09-16,Diamond,horizon,1.177
2026-09-16,Diamond,sparrow,3.033
2026-09-16,Diamond,valkyrie,1.978
2026-09-16,Diamond,conduit,2.286
2026-09-16,Diamond,fuse,6.841
2026-09-16,Diamond,caustic,2.53
2026-09-16,Diamond,wraith,3.883
2026-09-16,Diamond,crypto,0.659
2026-09-16,Diamond,catalyst,0.994
2026-09-16,Diamond,mirage,1.327
2026-09-16,Diamond,bloodhound,0.92
2026-09-16,Diamond,lifeline,1.344
2026-09-16,Diamond,newcastle,0.834
2026-09-16,Diamond,wattson,2.308
2026-09-16,Diamond,rampart,0.836
2026-09-16,Diamond,ash,1.683
2026-09-16,Diamond,ballistic,0.34
2026-09-17,Diamond,axle,12.686
2026-09-17,Diamond,loba,10.193
2026-09-17,Diamond,pathfinder,13.198
2026-09-17,Diamond,seer,2.913
2026-09-17,Diamond,revenant,1.659
2026-09-17,Diamond,octane,4.385
2026-09-17,Diamond,alter,4.608
2026-09-17,Diamond,mad-maggie,8.756
2026-09-17,Diamond,gibraltar,1.872
2026-09-17,Diamond,bangalore,4.034
2026-09-17,Diamond,vantage,2.603
2026-09-17,Diamond,horizon,1.161
2026-09-17,Diamond,sparrow,2.983
2026-09-17,Diamond,valkyrie,1.949
2026-09-17,Diamond,conduit,2.334
2026-09-17,Diamond,fuse,6.768
2026-09-17,Diamond,caustic,2.66
2026-09-17,Diamond,wraith,3.793
2026-09-17,Diamond,crypto,0.647
2026-09-17,Diamond,catalyst,1.057
2026-09-17,Diamond,mirage,1.416
2026-09-17,Diamond,bloodhound,0.926
2026-09-17,Diamond,lifeline,1.318
2026-09-17,Diamond,newcastle,0.81
2026-09-17,Diamond,wattson,2.423
2026-09-17,Diamond,rampart,0.871
2026-09-17,Diamond,ash,1.746
2026-09-17,Diamond,ballistic,0.477
2026-09-18,Diamond,axle,13.012
2026-09-18,Diamond,loba,10.353
2026-09-18,Diamond,pathfinder,13.276
2026-09-18,Diamond,seer,2.974
2026-09-18,Diamond,revenant,1.728
2026-09-18,Diamond,octane,4.364
2026-09-18,Diamond,alter,4.511
2026-09-18,Diamond,mad-maggie,8.58
2026-09-18,Diamond,gibraltar,1.868
2026-09-18,Diamond,bangalore,4.023
2026-09-18,Diamond,vantage,2.669
2026-09-18,Diamond,horizon,1.167
2026-09-18,Diamond,sparrow,2.876
2026-09-18,Diamond,valkyrie,1.867
2026-09-18,Diamond,conduit,2.482
2026-09-18,Diamond,fuse,6.564
2026-09-18,Diamond,caustic,2.528
2026-09-18,Diamond,wraith,3.66
2026-09-18,Diamond,crypto,0.675
2026-09-18,Diamond,catalyst,1.126
2026-09-18,Diamond,mirage,1.374
2026-09-18,Diamond,bloodhound,1.045
2026-09-18,Diamond,lifeline,1.351
2026-09-18,Diamond,newcastle,0.801
2026-09-18,Diamond,wattson,2.258
2026-09-18,Diamond,rampart,0.814
2026-09-18,Diamond,ash,1.668
2026-09-18,Diamond,ballistic,0.45
2026-09-19,Diamond,axle,14.3
2026-09-19,Diamond,loba,10.8
2026-09-19,Diamond,pathfinder,13.6
2026-09-19,Diamond,seer,3.0
2026-09-19,Diamond,revenant,1.9
2026-09-19,Diamond,octane,4.3
2026-09-19,Diamond,alter,4.2
2026-09-19,Diamond,mad-maggie,8.2
2026-09-19,Diamond,gibraltar,1.8
2026-09-19,Diamond,bangalore,4.0
2026-09-19,Diamond,vantage,2.8
2026-09-19,Diamond,horizon,1.2
2026-09-19,Diamond,sparrow,2.7
2026-09-19,Diamond,valkyrie,1.8
2026-09-19,Diamond,conduit,2.9
2026-09-19,Diamond,fuse,5.9
2026-09-19,Diamond,caustic,2.2
2026-09-19,Diamond,wraith,3.5
2026-09-19,Diamond,crypto,0.7
2026-09-19,Diamond,catalyst,1.4
2026-09-19,Diamond,mirage,1.3
2026-09-19,Diamond,bloodhound,0.8
2026-09-19,Diamond,lifeline,1.2
2026-09-19,Diamond,newcastle,0.7
2026-09-19,Diamond,wattson,2.0
2026-09-19,Diamond,rampart,0.8
2026-09-19,Diamond,ash,1.6
2026-09-19,Diamond,ballistic,0.4
2026-09-20,Diamond,axle,15.6
2026-09-20,Diamond,loba,11.3
2026-09-20,Diamond,pathfinder,14.0
2026-09-20,Diamond,seer,3.0
2026-09-20,Diamond,revenant,2.1
2026-09-20,Diamond,octane,4.1
2026-09-20,Diamond,alter,3.8
2026-09-20,Diamond,mad-maggie,8.0
2026-09-20,Diamond,gibraltar,1.7
2026-09-20,Diamond,bangalore,4.0
2026-09-20,Diamond,vantage,2.8
2026-09-20,Diamond,horizon,1.3
2026-09-20,Diamond,sparrow,2.6
2026-09-20,Diamond,valkyrie,1.6
2026-09-20,Diamond,conduit,3.3
2026-09-20,Diamond,fuse,5.3
2026-09-20,Diamond,caustic,1.9
2026-09-20,Diamond,wraith,3.2
2026-09-20,Diamond,crypto,0.7
2026-09-20,Diamond,catalyst,1.7
2026-09-20,Diamond,mirage,1.2
2026-09-20,Diamond,bloodhound,0.7
2026-09-20,Diamond,lifeline,1.1
2026-09-20,Diamond,newcastle,0.6
2026-09-20,Diamond,wattson,1.8
2026-09-20,Diamond,rampart,0.7
2026-09-20,Diamond,ash,1.5
2026-09-20,Diamond,ballistic,0.3
2026-09-21,Diamond,axle,17.0
2026-09-21,Diamond,loba,11.8
2026-09-21,Diamond,pathfinder,14.6
2026-09-21,Diamond,seer,3.2
2026-09-21,Diamond,revenant,2.3
2026-09-21,Diamond,octane,3.9
2026-09-21,Diamond,alter,3.5
2026-09-21,Diamond,mad-maggie,7.9
2026-09-21,Diamond,gibraltar,1.5
2026-09-21,Diamond,bangalore,3.9
2026-09-21,Diamond,vantage,2.9
2026-09-21,Diamond,horizon,1.2
2026-09-21,Diamond,sparrow,2.5
2026-09-21,Diamond,valkyrie,1.5
2026-09-21,Diamond,conduit,3.7
2026-09-21,Diamond,fuse,4.4
2026-09-21,Diamond,caustic,1.6
2026-09-21,Diamond,wraith,3.1
2026-09-21,Diamond,crypto,0.6
2026-09-21,Diamond,catalyst,2.0
2026-09-21,Diamond,mirage,1.1
2026-09-21,Diamond,bloodhound,0.6
2026-09-21,Diamond,lifeline,1.0
2026-09-21,Diamond,newcastle,0.6
2026-09-21,Diamond,wattson,1.5
2026-09-21,Diamond,rampart,0.6
2026-09-21,Diamond,ash,1.3
2026-09-21,Diamond,ballistic,0.3
2026-09-22,Diamond,axle,18.3
2026-09-22,Diamond,loba,12.1
2026-09-22,Diamond,pathfinder,14.7
2026-09-22,Diamond,seer,3.4
2026-09-22,Diamond,revenant,2.5
2026-09-22,Diamond,octane,3.6
2026-09-22,Diamond,alter,3.0
2026-09-22,Diamond,mad-maggie,7.7
2026-09-22,Diamond,gibraltar,1.4
2026-09-22,Diamond,bangalore,4.1
2026-09-22,Diamond,vantage,3.1
2026-09-22,Diamond,horizon,1.2
2026-09-22,Diamond,sparrow,2.3
2026-09-22,Diamond,valkyrie,1.3
2026-09-22,Diamond,conduit,4.2
2026-09-22,Diamond,fuse,3.8
2026-09-22,Diamond,caustic,1.2
2026-09-22,Diamond,wraith,2.9
2026-09-22,Diamond,crypto,0.6
2026-09-22,Diamond,catalyst,2.4
2026-09-22,Diamond,mirage,1.0
2026-09-22,Diamond,bloodhound,0.5
2026-09-22,Diamond,lifeline,1.0
2026-09-22,Diamond,newcastle,0.5
2026-09-22,Diamond,wattson,1.2
2026-09-22,Diamond,rampart,0.6
2026-09-22,Diamond,ash,1.3
2026-09-22,Diamond,ballistic,0.3
2026-09-23,Diamond,axle,18.6
2026-09-23,Diamond,loba,12.1
2026-09-23,Diamond,pathfinder,14.8
2026-09-23,Diamond,seer,3.3
2026-09-23,Diamond,revenant,2.5
2026-09-23,Diamond,octane,3.5
2026-09-23,Diamond,alter,2.8
2026-09-23,Diamond,mad-maggie,7.7
2026-09-23,Diamond,gibraltar,1.5
2026-09-23,Diamond,bangalore,4.2
2026-09-23,Diamond,vantage,3.2
2026-09-23,Diamond,horizon,1.2
2026-09-23,Diamond,sparrow,2.4
2026-09-23,Diamond,valkyrie,1.3
2026-09-23,Diamond,conduit,4.4
2026-09-23,Diamond,fuse,3.4
2026-09-23,Diamond,caustic,1.0
2026-09-23,Diamond,wraith,2.9
2026-09-23,Diamond,crypto,0.5
2026-09-23,Diamond,catalyst,2.6
2026-09-23,Diamond,mirage,0.9
2026-09-23,Diamond,bloodhound,0.4
2026-09-23,Diamond,lifeline,0.9
2026-09-23,Diamond,newcastle,0.5
2026-09-23,Diamond,wattson,1.1
2026-09-23,Diamond,rampart,0.5
2026-09-23,Diamond,ash,1.2
2026-09-23,Diamond,ballistic,0.2
2026-09-24,Diamond,axle,18.3
2026-09-24,Diamond,loba,12.1
2026-09-24,Diamond,pathfinder,14.8
2026-09-24,Diamond,seer,3.3
2026-09-24,Diamond,revenant,2.4
2026-09-24,Diamond,octane,3.4
2026-09-24,Diamond,alter,2.9
2026-09-24,Diamond,mad-maggie,7.9
2026-09-24,Diamond,gibraltar,1.5
2026-09-24,Diamond,bangalore,4.4
2026-09-24,Diamond,vantage,3.2
2026-09-24,Diamond,horizon,1.1
2026-09-24,Diamond,sparrow,2.5
2026-09-24,Diamond,valkyrie,1.3
2026-09-24,Diamond,conduit,4.4
2026-09-24,Diamond,fuse,3.4
2026-09-24,Diamond,caustic,1.1
2026-09-24,Diamond,wraith,2.8
2026-09-24,Diamond,crypto,0.5
2026-09-24,Diamond,catalyst,2.6
2026-09-24,Diamond,mirage,1.0
2026-09-24,Diamond,bloodhound,0.4
2026-09-24,Diamond,lifeline,0.9
2026-09-24,Diamond,newcastle,0.5
2026-09-24,Diamond,wattson,1.2
2026-09-24,Diamond,rampart,0.6
2026-09-24,Diamond,ash,1.3
2026-09-24,Diamond,ballistic,0.3
2026-09-25,Diamond,axle,18.1
2026-09-25,Diamond,loba,11.9
2026-09-25,Diamond,pathfinder,14.9
2026-09-25,Diamond,seer,3.3
2026-09-25,Diamond,revenant,2.3
2026-09-25,Diamond,octane,3.4
2026-09-25,Diamond,alter,2.8
2026-09-25,Diamond,mad-maggie,8.0
2026-09-25,Diamond,gibraltar,1.5
2026-09-25,Diamond,bangalore,4.4
2026-09-25,Diamond,vantage,3.2
2026-09-25,Diamond,horizon,1.1
2026-09-25,Diamond,sparrow,2.5
2026-09-25,Diamond,valkyrie,1.3
2026-09-25,Diamond,conduit,4.4
2026-09-25,Diamond,fuse,3.5
2026-09-25,Diamond,caustic,1.1
2026-09-25,Diamond,wraith,2.8
2026-09-25,Diamond,crypto,0.5
2026-09-25,Diamond,catalyst,2.6
2026-09-25,Diamond,mirage,1.0
2026-09-25,Diamond,bloodhound,0.5
2026-09-25,Diamond,lifeline,1.0
2026-09-25,Diamond,newcastle,0.5
2026-09-25,Diamond,wattson,1.2
2026-09-25,Diamond,rampart,0.6
2026-09-25,Diamond,ash,1.3
2026-09-25,Diamond,ballistic,0.3
2026-08-29,Masterpred,axle,19.428
2026-08-29,Masterpred,loba,17.653
2026-08-29,Masterpred,pathfinder,11.419
2026-08-29,Masterpred,seer,5.313
2026-08-29,Masterpred,revenant,3.988
2026-08-29,Masterpred,octane,3.744
2026-08-29,Masterpred,alter,4.39
2026-08-29,Masterpred,mad-maggie,6.915
2026-08-29,Masterpred,gibraltar,1.797
2026-08-29,Masterpred,bangalore,3.562
2026-08-29,Masterpred,vantage,2.475
2026-08-29,Masterpred,horizon,3.202
2026-08-29,Masterpred,sparrow,1.646
2026-08-29,Masterpred,valkyrie,1.125
2026-08-29,Masterpred,conduit,0.878
2026-08-29,Masterpred,fuse,2.333
2026-08-29,Masterpred,caustic,1.04
2026-08-29,Masterpred,wraith,2.83
2026-08-29,Masterpred,crypto,0.732
2026-08-29,Masterpred,catalyst,0.597
2026-08-29,Masterpred,mirage,0.47
2026-08-29,Masterpred,bloodhound,0.844
2026-08-29,Masterpred,lifeline,0.581
2026-08-29,Masterpred,newcastle,0.45
2026-08-29,Masterpred,wattson,0.879
2026-08-29,Masterpred,rampart,0.472
2026-08-29,Masterpred,ash,0.962
2026-08-29,Masterpred,ballistic,0.273
2026-08-30,Masterpred,axle,19.253
2026-08-30,Masterpred,loba,17.482
2026-08-30,Masterpred,pathfinder,11.52
2026-08-30,Masterpred,seer,4.813
2026-08-30,Masterpred,revenant,4.078
2026-08-30,Masterpred,octane,4.177
2026-08-30,Masterpred,alter,4.504
2026-08-30,Masterpred,mad-maggie,6.877
2026-08-30,Masterpred,gibraltar,1.773
2026-08-30,Masterpred,bangalore,3.726
2026-08-30,Masterpred,vantage,2.413
2026-08-30,Masterpred,horizon,3.313
2026-08-30,Masterpred,sparrow,1.702
2026-08-30,Masterpred,valkyrie,1.139
2026-08-30,Masterpred,conduit,1.022
2026-08-30,Masterpred,fuse,2.365
2026-08-30,Masterpred,caustic,1.027
2026-08-30,Masterpred,wraith,2.771
2026-08-30,Masterpred,crypto,0.662
2026-08-30,Masterpred,catalyst,0.625
2026-08-30,Masterpred,mirage,0.561
2026-08-30,Masterpred,bloodhound,0.852
2026-08-30,Masterpred,lifeline,0.645
2026-08-30,Masterpred,newcastle,0.378
2026-08-30,Masterpred,wattson,0.807
2026-08-30,Masterpred,rampart,0.482
2026-08-30,Masterpred,ash,0.982
2026-08-30,Masterpred,ballistic,0.231
2026-08-31,Masterpred,axle,18.831
2026-08-31,Masterpred,loba,17.562
2026-08-31,Masterpred,pathfinder,12.187
2026-08-31,Masterpred,seer,4.646
2026-08-31,Masterpred,revenant,4.058
2026-08-31,Masterpred,octane,4.057
2026-08-31,Masterpred,alter,4.616
2026-08-31,Masterpred,mad-maggie,6.932
2026-08-31,Masterpred,gibraltar,1.871
2026-08-31,Masterpred,bangalore,3.511
2026-08-31,Masterpred,vantage,2.21
2026-08-31,Masterpred,horizon,3.225
2026-08-31,Masterpred,sparrow,1.577
2026-08-31,Masterpred,valkyrie,1.104
2026-08-31,Masterpred,conduit,0.949
2026-08-31,Masterpred,fuse,2.508
2026-08-31,Masterpred,caustic,1.049
2026-08-31,Masterpred,wraith,2.661
2026-08-31,Masterpred,crypto,0.694
2026-08-31,Masterpred,catalyst,0.642
2026-08-31,Masterpred,mirage,0.602
2026-08-31,Masterpred,bloodhound,0.704
2026-08-31,Masterpred,lifeline,0.728
2026-08-31,Masterpred,newcastle,0.398
2026-08-31,Masterpred,wattson,0.865
2026-08-31,Masterpred,rampart,0.461
2026-08-31,Masterpred,ash,0.959
2026-08-31,Masterpred,ballistic,0.323
2026-09-01,Masterpred,axle,18.41
2026-09-01,Masterpred,loba,17.718
2026-09-01,Masterpred,pathfinder,12.432
2026-09-01,Masterpred,seer,4.538
2026-09-01,Masterpred,revenant,3.963
2026-09-01,Masterpred,octane,3.913
2026-09-01,Masterpred,alter,4.644
2026-09-01,Masterpred,mad-maggie,7.062
2026-09-01,Masterpred,gibraltar,1.783
2026-09-01,Masterpred,bangalore,3.724
2026-09-01,Masterpred,vantage,2.427
2026-09-01,Masterpred,horizon,3.207
2026-09-01,Masterpred,sparrow,1.636
2026-09-01,Masterpred,valkyrie,1.126
2026-09-01,Masterpred,conduit,0.962
2026-09-01,Masterpred,fuse,2.535
2026-09-01,Masterpred,caustic,1.043
2026-09-01,Masterpred,wraith,2.696
2026-09-01,Masterpred,crypto,0.681
2026-09-01,Masterpred,catalyst,0.614
2026-09-01,Masterpred,mirage,0.713
2026-09-01,Masterpred,bloodhound,0.668
2026-09-01,Masterpred,lifeline,0.556
2026-09-01,Masterpred,newcastle,0.369
2026-09-01,Masterpred,wattson,0.886
2026-09-01,Masterpred,rampart,0.46
2026-09-01,Masterpred,ash,1.099
2026-09-01,Masterpred,ballistic,0.272
2026-09-02,Masterpred,axle,18.461
2026-09-02,Masterpred,loba,17.598
2026-09-02,Masterpred,pathfinder,12.186
2026-09-02,Masterpred,seer,4.067
2026-09-02,Masterpred,revenant,3.976
2026-09-02,Masterpred,octane,4.041
2026-09-02,Masterpred,alter,4.948
2026-09-02,Masterpred,mad-maggie,7.049
2026-09-02,Masterpred,gibraltar,1.697
2026-09-02,Masterpred,bangalore,3.576
2026-09-02,Masterpred,vantage,2.38
2026-09-02,Masterpred,horizon,3.127
2026-09-02,Masterpred,sparrow,1.599
2026-09-02,Masterpred,valkyrie,1.052
2026-09-02,Masterpred,conduit,0.907
2026-09-02,Masterpred,fuse,2.53
2026-09-02,Masterpred,caustic,1.072
2026-09-02,Masterpred,wraith,2.938
2026-09-02,Masterpred,crypto,0.769
2026-09-02,Masterpred,catalyst,0.703
2026-09-02,Masterpred,mirage,0.544
2026-09-02,Masterpred,bloodhound,0.763
2026-09-02,Masterpred,lifeline,0.677
2026-09-02,Masterpred,newcastle,0.4
2026-09-02,Masterpred,wattson,0.937
2026-09-02,Masterpred,rampart,0.52
2026-09-02,Masterpred,ash,1.033
2026-09-02,Masterpred,ballistic,0.259
2026-09-03,Masterpred,axle,18.911
2026-09-03,Masterpred,loba,17.126
2026-09-03,Masterpred,pathfinder,12.399
2026-09-03,Masterpred,seer,4.346
2026-09-03,Masterpred,revenant,3.928
2026-09-03,Masterpred,octane,3.869
2026-09-03,Masterpred,alter,5.128
2026-09-03,Masterpred,mad-maggie,7.057
2026-09-03,Masterpred,gibraltar,1.504
2026-09-03,Masterpred,bangalore,3.555
2026-09-03,Masterpred,vantage,2.151
2026-09-03,Masterpred,horizon,2.817
2026-09-03,Masterpred,sparrow,1.57
2026-09-03,Masterpred,valkyrie,0.992
2026-09-03,Masterpred,conduit,1.025
2026-09-03,Masterpred,fuse,2.63
2026-09-03,Masterpred,caustic,1.152
2026-09-03,Masterpred,wraith,2.92
2026-09-03,Masterpred,crypto,0.829
2026-09-03,Masterpred,catalyst,0.848
2026-09-03,Masterpred,mirage,0.615
2026-09-03,Masterpred,bloodhound,0.942
2026-09-03,Masterpred,lifeline,0.653
2026-09-03,Masterpred,newcastle,0.331
2026-09-03,Masterpred,wattson,1.094
2026-09-03,Masterpred,rampart,0.467
2026-09-03,Masterpred,ash,1.122
2026-09-03,Masterpred,ballistic,0.256
2026-09-04,Masterpred,axle,19.507
2026-09-04,Masterpred,loba,16.841
2026-09-04,Masterpred,pathfinder,12.328
2026-09-04,Masterpred,seer,4.227
2026-09-04,Masterpred,revenant,3.755
2026-09-04,Masterpred,octane,3.909
2026-09-04,Masterpred,alter,4.98
2026-09-04,Masterpred,mad-maggie,7.118
2026-09-04,Masterpred,gibraltar,1.63
2026-09-04,Masterpred,bangalore,3.402
2026-09-04,Masterpred,vantage,2.209
2026-09-04,Masterpred,horizon,2.979
2026-09-04,Masterpred,sparrow,1.592
2026-09-04,Masterpred,valkyrie,0.983
2026-09-04,Masterpred,conduit,1.094
2026-09-04,Masterpred,fuse,2.63
2026-09-04,Masterpred,caustic,0.986
2026-09-04,Masterpred,wraith,2.959
2026-09-04,Masterpred,crypto,0.71
2026-09-04,Masterpred,catalyst,0.751
2026-09-04,Masterpred,mirage,0.534
2026-09-04,Masterpred,bloodhound,1.055
2026-09-04,Masterpred,lifeline,0.602
2026-09-04,Masterpred,newcastle,0.369
2026-09-04,Masterpred,wattson,1.124
2026-09-04,Masterpred,rampart,0.485
2026-09-04,Masterpred,ash,1.001
2026-09-04,Masterpred,ballistic,0.221
2026-09-05,Masterpred,axle,19.9
2026-09-05,Masterpred,loba,16.7
2026-09-05,Masterpred,pathfinder,12.1
2026-09-05,Masterpred,seer,4.3
2026-09-05,Masterpred,revenant,3.5
2026-09-05,Masterpred,octane,4.0
2026-09-05,Masterpred,alter,5.1
2026-09-05,Masterpred,mad-maggie,6.9
2026-09-05,Masterpred,gibraltar,1.4
2026-09-05,Masterpred,bangalore,3.6
2026-09-05,Masterpred,vantage,2.2
2026-09-05,Masterpred,horizon,3.1
2026-09-05,Masterpred,sparrow,1.7
2026-09-05,Masterpred,valkyrie,1.0
2026-09-05,Masterpred,conduit,1.1
2026-09-05,Masterpred,fuse,2.6
2026-09-05,Masterpred,caustic,1.0
2026-09-05,Masterpred,wraith,2.9
2026-09-05,Masterpred,crypto,0.8
2026-09-05,Masterpred,catalyst,0.7
2026-09-05,Masterpred,mirage,0.6
2026-09-05,Masterpred,bloodhound,1.0
2026-09-05,Masterpred,lifeline,0.7
2026-09-05,Masterpred,newcastle,0.4
2026-09-05,Masterpred,wattson,1.0
2026-09-05,Masterpred,rampart,0.4
2026-09-05,Masterpred,ash,1.1
2026-09-05,Masterpred,ballistic,0.2
2026-09-06,Masterpred,axle,20.0
2026-09-06,Masterpred,loba,16.8
2026-09-06,Masterpred,pathfinder,12.3
2026-09-06,Masterpred,seer,4.3
2026-09-06,Masterpred,revenant,3.3
2026-09-06,Masterpred,octane,4.0
2026-09-06,Masterpred,alter,4.8
2026-09-06,Masterpred,mad-maggie,6.8
2026-09-06,Masterpred,gibraltar,1.5
2026-09-06,Masterpred,bangalore,3.7
2026-09-06,Masterpred,vantage,2.6
2026-09-06,Masterpred,horizon,3.0
2026-09-06,Masterpred,sparrow,1.8
2026-09-06,Masterpred,valkyrie,1.0
2026-09-06,Masterpred,conduit,1.2
2026-09-06,Masterpred,fuse,2.7
2026-09-06,Masterpred,caustic,1.0
2026-09-06,Masterpred,wraith,3.0
2026-09-06,Masterpred,crypto,0.8
2026-09-06,Masterpred,catalyst,0.7
2026-09-06,Masterpred,mirage,0.5
2026-09-06,Masterpred,bloodhound,0.8
2026-09-06,Masterpred,lifeline,0.6
2026-09-06,Masterpred,newcastle,0.3
2026-09-06,Masterpred,wattson,1.1
2026-09-06,Masterpred,rampart,0.5
2026-09-06,Masterpred,ash,0.9
2026-09-06,Masterpred,ballistic,0.2
2026-09-07,Masterpred,axle,20.1
2026-09-07,Masterpred,loba,17.1
2026-09-07,Masterpred,pathfinder,12.3
2026-09-07,Masterpred,seer,4.2
2026-09-07,Masterpred,revenant,3.4
2026-09-07,Masterpred,octane,3.9
2026-09-07,Masterpred,alter,4.7
2026-09-07,Masterpred,mad-maggie,6.8
2026-09-07,Masterpred,gibraltar,1.5
2026-09-07,Masterpred,bangalore,3.7
2026-09-07,Masterpred,vantage,2.5
2026-09-07,Masterpred,horizon,2.9
2026-09-07,Masterpred,sparrow,1.8
2026-09-07,Masterpred,valkyrie,0.9
2026-09-07,Masterpred,conduit,1.2
2026-09-07,Masterpred,fuse,2.9
2026-09-07,Masterpred,caustic,0.9
2026-09-07,Masterpred,wraith,2.9
2026-09-07,Masterpred,crypto,0.7
2026-09-07,Masterpred,catalyst,0.6
2026-09-07,Masterpred,mirage,0.6
2026-09-07,Masterpred,bloodhound,0.7
2026-09-07,Masterpred,lifeline,0.6
2026-09-07,Masterpred,newcastle,0.3
2026-09-07,Masterpred,wattson,1.0
2026-09-07,Masterpred,rampart,0.5
2026-09-07,Masterpred,ash,1.0
2026-09-07,Masterpred,ballistic,0.2
2026-09-08,Masterpred,axle,20.5
2026-09-08,Masterpred,loba,16.6
2026-09-08,Masterpred,pathfinder,12.8
2026-09-08,Masterpred,seer,4.2
2026-09-08,Masterpred,revenant,3.3
2026-09-08,Masterpred,octane,3.9
2026-09-08,Masterpred,alter,4.8
2026-09-08,Masterpred,mad-maggie,6.6
2026-09-08,Masterpred,gibraltar,1.5
2026-09-08,Masterpred,bangalore,3.8
2026-09-08,Masterpred,vantage,2.4
2026-09-08,Masterpred,horizon,2.8
2026-09-08,Masterpred,sparrow,1.7
2026-09-08,Masterpred,valkyrie,1.0
2026-09-08,Masterpred,conduit,1.2
2026-09-08,Masterpred,fuse,2.8
2026-09-08,Masterpred,caustic,0.9
2026-09-08,Masterpred,wraith,2.9
2026-09-08,Masterpred,crypto,0.8
2026-09-08,Masterpred,catalyst,0.7
2026-09-08,Masterpred,mirage,0.6
2026-09-08,Masterpred,bloodhound,0.7
2026-09-08,Masterpred,lifeline,0.6
2026-09-08,Masterpred,newcastle,0.3
2026-09-08,Masterpred,wattson,1.0
2026-09-08,Masterpred,rampart,0.5
2026-09-08,Masterpred,ash,1.0
2026-09-08,Masterpred,ballistic,0.2
2026-09-09,Masterpred,axle,20.7
2026-09-09,Masterpred,loba,16.4
2026-09-09,Masterpred,pathfinder,12.7
2026-09-09,Masterpred,seer,4.2
2026-09-09,Masterpred,revenant,3.3
2026-09-09,Masterpred,octane,4.1
2026-09-09,Masterpred,alter,4.8
2026-09-09,Masterpred,mad-maggie,6.6
2026-09-09,Masterpred,gibraltar,1.4
2026-09-09,Masterpred,bangalore,3.8
2026-09-09,Masterpred,vantage,2.6
2026-09-09,Masterpred,horizon,2.8
2026-09-09,Masterpred,sparrow,1.7
2026-09-09,Masterpred,valkyrie,0.9
2026-09-09,Masterpred,conduit,1.1
2026-09-09,Masterpred,fuse,2.8
2026-09-09,Masterpred,caustic,0.9
2026-09-09,Masterpred,wraith,2.8
2026-09-09,Masterpred,crypto,0.8
2026-09-09,Masterpred,catalyst,0.6
2026-09-09,Masterpred,mirage,0.6
2026-09-09,Masterpred,bloodhound,0.7
2026-09-09,Masterpred,lifeline,0.6
2026-09-09,Masterpred,newcastle,0.3
2026-09-09,Masterpred,wattson,1.0
2026-09-09,Masterpred,rampart,0.4
2026-09-09,Masterpred,ash,1.0
2026-09-09,Masterpred,ballistic,0.2
2026-09-10,Masterpred,axle,20.6
2026-09-10,Masterpred,loba,16.6
2026-09-10,Masterpred,pathfinder,13.1
2026-09-10,Masterpred,seer,4.1
2026-09-10,Masterpred,revenant,3.4
2026-09-10,Masterpred,octane,3.9
2026-09-10,Masterpred,alter,4.7
2026-09-10,Masterpred,mad-maggie,6.7
2026-09-10,Masterpred,gibraltar,1.4
2026-09-10,Masterpred,bangalore,3.6
2026-09-10,Masterpred,vantage,2.6
2026-09-10,Masterpred,horizon,2.8
2026-09-10,Masterpred,sparrow,1.7
2026-09-10,Masterpred,valkyrie,0.9
2026-09-10,Masterpred,conduit,1.2
2026-09-10,Masterpred,fuse,2.7
2026-09-10,Masterpred,caustic,0.9
2026-09-10,Masterpred,wraith,2.9
2026-09-10,Masterpred,crypto,0.9
2026-09-10,Masterpred,catalyst,0.6
2026-09-10,Masterpred,mirage,0.6
2026-09-10,Masterpred,bloodhound,0.6
2026-09-10,Masterpred,lifeline,0.7
2026-09-10,Masterpred,newcastle,0.3
2026-09-10,Masterpred,wattson,1.1
2026-09-10,Masterpred,rampart,0.4
2026-09-10,Masterpred,ash,1.0
2026-09-10,Masterpred,ballistic,0.2
2026-09-11,Masterpred,axle,20.8
2026-09-11,Masterpred,loba,16.7
2026-09-11,Masterpred,pathfinder,13.4
2026-09-11,Masterpred,seer,3.6
2026-09-11,Masterpred,revenant,3.2
2026-09-11,Masterpred,octane,3.8
2026-09-11,Masterpred,alter,4.4
2026-09-11,Masterpred,mad-maggie,6.8
2026-09-11,Masterpred,gibraltar,1.3
2026-09-11,Masterpred,bangalore,3.6
2026-09-11,Masterpred,vantage,2.9
2026-09-11,Masterpred,horizon,2.9
2026-09-11,Masterpred,sparrow,1.8
2026-09-11,Masterpred,valkyrie,0.9
2026-09-11,Masterpred,conduit,1.2
2026-09-11,Masterpred,fuse,2.8
2026-09-11,Masterpred,caustic,0.8
2026-09-11,Masterpred,wraith,2.9
2026-09-11,Masterpred,crypto,0.7
2026-09-11,Masterpred,catalyst,0.6
2026-09-11,Masterpred,mirage,0.6
2026-09-11,Masterpred,bloodhound,0.6
2026-09-11,Masterpred,lifeline,0.6
2026-09-11,Masterpred,newcastle,0.3
2026-09-11,Masterpred,wattson,1.1
2026-09-11,Masterpred,rampart,0.5
2026-09-11,Masterpred,ash,1.0
2026-09-11,Masterpred,ballistic,0.2
2026-09-12,Masterpred,axle,20.6
2026-09-12,Masterpred,loba,17.0
2026-09-12,Masterpred,pathfinder,13.3
2026-09-12,Masterpred,seer,3.9
2026-09-12,Masterpred,revenant,3.1
2026-09-12,Masterpred,octane,3.7
2026-09-12,Masterpred,alter,4.6
2026-09-12,Masterpred,mad-maggie,6.7
2026-09-12,Masterpred,gibraltar,1.3
2026-09-12,Masterpred,bangalore,3.6
2026-09-12,Masterpred,vantage,2.8
2026-09-12,Masterpred,horizon,2.7
2026-09-12,Masterpred,sparrow,1.8
2026-09-12,Masterpred,valkyrie,0.8
2026-09-12,Masterpred,conduit,1.1
2026-09-12,Masterpred,fuse,2.8
2026-09-12,Masterpred,caustic,1.0
2026-09-12,Masterpred,wraith,2.8
2026-09-12,Masterpred,crypto,0.8
2026-09-12,Masterpred,catalyst,0.6
2026-09-12,Masterpred,mirage,0.6
2026-09-12,Masterpred,bloodhound,0.6
2026-09-12,Masterpred,lifeline,0.7
2026-09-12,Masterpred,newcastle,0.3
2026-09-12,Masterpred,wattson,1.1
2026-09-12,Masterpred,rampart,0.5
2026-09-12,Masterpred,ash,0.9
2026-09-12,Masterpred,ballistic,0.2
2026-09-13,Masterpred,axle,21.1
2026-09-13,Masterpred,loba,16.4
2026-09-13,Masterpred,pathfinder,13.2
2026-09-13,Masterpred,seer,3.8
2026-09-13,Masterpred,revenant,3.1
2026-09-13,Masterpred,octane,3.9
2026-09-13,Masterpred,alter,4.6
2026-09-13,Masterpred,mad-maggie,6.3
2026-09-13,Masterpred,gibraltar,1.3
2026-09-13,Masterpred,bangalore,3.7
2026-09-13,Masterpred,vantage,3.0
2026-09-13,Masterpred,horizon,2.8
2026-09-13,Masterpred,sparrow,1.8
2026-09-13,Masterpred,valkyrie,0.9
2026-09-13,Masterpred,conduit,1.2
2026-09-13,Masterpred,fuse,2.9
2026-09-13,Masterpred,caustic,1.0
2026-09-13,Masterpred,wraith,2.8
2026-09-13,Masterpred,crypto,0.8
2026-09-13,Masterpred,catalyst,0.6
2026-09-13,Masterpred,mirage,0.6
2026-09-13,Masterpred,bloodhound,0.6
2026-09-13,Masterpred,lifeline,0.7
2026-09-13,Masterpred,newcastle,0.3
2026-09-13,Masterpred,wattson,1.1
2026-09-13,Masterpred,rampart,0.4
2026-09-13,Masterpred,ash,1.0
2026-09-13,Masterpred,ballistic,0.2
2026-09-14,Masterpred,axle,21.2
2026-09-14,Masterpred,loba,16.4
2026-09-14,Masterpred,pathfinder,13.2
2026-09-14,Masterpred,seer,3.8
2026-09-14,Masterpred,revenant,3.0
2026-09-14,Masterpred,octane,3.8
2026-09-14,Masterpred,alter,4.5
2026-09-14,Masterpred,mad-maggie,6.6
2026-09-14,Masterpred,gibraltar,1.3
2026-09-14,Masterpred,bangalore,3.7
2026-09-14,Masterpred,vantage,3.0
2026-09-14,Masterpred,horizon,2.8
2026-09-14,Masterpred,sparrow,1.9
2026-09-14,Masterpred,valkyrie,0.9
2026-09-14,Masterpred,conduit,1.1
2026-09-14,Masterpred,fuse,2.8
2026-09-14,Masterpred,caustic,0.9
2026-09-14,Masterpred,wraith,2.6
2026-09-14,Masterpred,crypto,0.8
2026-09-14,Masterpred,catalyst,0.6
2026-09-14,Masterpred,mirage,0.6
2026-09-14,Masterpred,bloodhound,0.5
2026-09-14,Masterpred,lifeline,0.6
2026-09-14,Masterpred,newcastle,0.4
2026-09-14,Masterpred,wattson,1.1
2026-09-14,Masterpred,rampart,0.4
2026-09-14,Masterpred,ash,1.0
2026-09-14,Masterpred,ballistic,0.2
2026-09-15,Masterpred,axle,21.267
2026-09-15,Masterpred,loba,16.241
2026-09-15,Masterpred,pathfinder,13.501
2026-09-15,Masterpred,seer,3.833
2026-09-15,Masterpred,revenant,3.023
2026-09-15,Masterpred,octane,3.754
2026-09-15,Masterpred,alter,4.43
2026-09-15,Masterpred,mad-maggie,6.554
2026-09-15,Masterpred,gibraltar,1.325
2026-09-15,Masterpred,bangalore,3.748
2026-09-15,Masterpred,vantage,3.093
2026-09-15,Masterpred,horizon,2.693
2026-09-15,Masterpred,sparrow,1.843
2026-09-15,Masterpred,valkyrie,0.964
2026-09-15,Masterpred,conduit,1.257
2026-09-15,Masterpred,fuse,2.647
2026-09-15,Masterpred,caustic,0.943
2026-09-15,Masterpred,wraith,2.691
2026-09-15,Masterpred,crypto,0.725
2026-09-15,Masterpred,catalyst,0.654
2026-09-15,Masterpred,mirage,0.646
2026-09-15,Masterpred,bloodhound,0.539
2026-09-15,Masterpred,lifeline,0.589
2026-09-15,Masterpred,newcastle,0.27
2026-09-15,Masterpred,wattson,1.012
2026-09-15,Masterpred,rampart,0.393
2026-09-15,Masterpred,ash,1.023
2026-09-15,Masterpred,ballistic,0.208
2026-09-16,Masterpred,axle,21.1
2026-09-16,Masterpred,loba,16.1
2026-09-16,Masterpred,pathfinder,13.2
2026-09-16,Masterpred,seer,4.1
2026-09-16,Masterpred,revenant,3.1
2026-09-16,Masterpred,octane,3.6
2026-09-16,Masterpred,alter,4.6
2026-09-16,Masterpred,mad-maggie,6.3
2026-09-16,Masterpred,gibraltar,1.4
2026-09-16,Masterpred,bangalore,4.0
2026-09-16,Masterpred,vantage,3.1
2026-09-16,Masterpred,horizon,2.8
2026-09-16,Masterpred,sparrow,1.9
2026-09-16,Masterpred,valkyrie,1.0
2026-09-16,Masterpred,conduit,1.4
2026-09-16,Masterpred,fuse,2.9
2026-09-16,Masterpred,caustic,0.9
2026-09-16,Masterpred,wraith,2.5
2026-09-16,Masterpred,crypto,0.7
2026-09-16,Masterpred,catalyst,0.7
2026-09-16,Masterpred,mirage,0.6
2026-09-16,Masterpred,bloodhound,0.6
2026-09-16,Masterpred,lifeline,0.6
2026-09-16,Masterpred,newcastle,0.3
2026-09-16,Masterpred,wattson,1.1
2026-09-16,Masterpred,rampart,0.3
2026-09-16,Masterpred,ash,0.9
2026-09-16,Masterpred,ballistic,0.2
2026-09-17,Masterpred,axle,20.969
2026-09-17,Masterpred,loba,16.463
2026-09-17,Masterpred,pathfinder,13.518
2026-09-17,Masterpred,seer,4.192
2026-09-17,Masterpred,revenant,2.956
2026-09-17,Masterpred,octane,3.287
2026-09-17,Masterpred,alter,4.823
2026-09-17,Masterpred,mad-maggie,6.375
2026-09-17,Masterpred,gibraltar,1.468
2026-09-17,Masterpred,bangalore,4.04
2026-09-17,Masterpred,vantage,3.194
2026-09-17,Masterpred,horizon,2.44
2026-09-17,Masterpred,sparrow,1.888
2026-09-17,Masterpred,valkyrie,1.043
2026-09-17,Masterpred,conduit,1.404
2026-09-17,Masterpred,fuse,3.075
2026-09-17,Masterpred,caustic,0.796
2026-09-17,Masterpred,wraith,2.448
2026-09-17,Masterpred,crypto,0.693
2026-09-17,Masterpred,catalyst,0.641
2026-09-17,Masterpred,mirage,0.578
2026-09-17,Masterpred,bloodhound,0.624
2026-09-17,Masterpred,lifeline,0.541
2026-09-17,Masterpred,newcastle,0.227
2026-09-17,Masterpred,wattson,1.007
2026-09-17,Masterpred,rampart,0.32
2026-09-17,Masterpred,ash,0.956
2026-09-17,Masterpred,ballistic,0.217
2026-09-18,Masterpred,axle,21.394
2026-09-18,Masterpred,loba,16.563
2026-09-18,Masterpred,pathfinder,13.276
2026-09-18,Masterpred,seer,4.322
2026-09-18,Masterpred,revenant,3.142
2026-09-18,Masterpred,octane,3.306
2026-09-18,Masterpred,alter,4.568
2026-09-18,Masterpred,mad-maggie,6.198
2026-09-18,Masterpred,gibraltar,1.477
2026-09-18,Masterpred,bangalore,3.801
2026-09-18,Masterpred,vantage,3.347
2026-09-18,Masterpred,horizon,2.443
2026-09-18,Masterpred,sparrow,1.965
2026-09-18,Masterpred,valkyrie,1.064
2026-09-18,Masterpred,conduit,1.546
2026-09-18,Masterpred,fuse,3.052
2026-09-18,Masterpred,caustic,0.751
2026-09-18,Masterpred,wraith,2.269
2026-09-18,Masterpred,crypto,0.661
2026-09-18,Masterpred,catalyst,0.649
2026-09-18,Masterpred,mirage,0.65
2026-09-18,Masterpred,bloodhound,0.477
2026-09-18,Masterpred,lifeline,0.676
2026-09-18,Masterpred,newcastle,0.229
2026-09-18,Masterpred,wattson,0.999
2026-09-18,Masterpred,rampart,0.263
2026-09-18,Masterpred,ash,0.881
2026-09-18,Masterpred,ballistic,0.164
2026-09-19,Masterpred,axle,22.3
2026-09-19,Masterpred,loba,17.5
2026-09-19,Masterpred,pathfinder,13.4
2026-09-19,Masterpred,seer,4.4
2026-09-19,Masterpred,revenant,3.2
2026-09-19,Masterpred,octane,3.3
2026-09-19,Masterpred,alter,4.3
2026-09-19,Masterpred,mad-maggie,5.7
2026-09-19,Masterpred,gibraltar,1.3
2026-09-19,Masterpred,bangalore,3.6
2026-09-19,Masterpred,vantage,3.7
2026-09-19,Masterpred,horizon,2.2
2026-09-19,Masterpred,sparrow,1.9
2026-09-19,Masterpred,valkyrie,1.0
2026-09-19,Masterpred,conduit,1.7
2026-09-19,Masterpred,fuse,2.3
2026-09-19,Masterpred,caustic,0.7
2026-09-19,Masterpred,wraith,2.1
2026-09-19,Masterpred,crypto,0.7
2026-09-19,Masterpred,catalyst,0.7
2026-09-19,Masterpred,mirage,0.7
2026-09-19,Masterpred,bloodhound,0.4
2026-09-19,Masterpred,lifeline,0.7
2026-09-19,Masterpred,newcastle,0.3
2026-09-19,Masterpred,wattson,0.9
2026-09-19,Masterpred,rampart,0.2
2026-09-19,Masterpred,ash,0.8
2026-09-19,Masterpred,ballistic,0.1
2026-09-20,Masterpred,axle,22.6
2026-09-20,Masterpred,loba,17.9
2026-09-20,Masterpred,pathfinder,13.4
2026-09-20,Masterpred,seer,4.6
2026-09-20,Masterpred,revenant,3.7
2026-09-20,Masterpred,octane,3.1
2026-09-20,Masterpred,alter,4.1
2026-09-20,Masterpred,mad-maggie,5.3
2026-09-20,Masterpred,gibraltar,1.4
2026-09-20,Masterpred,bangalore,3.5
2026-09-20,Masterpred,vantage,3.9
2026-09-20,Masterpred,horizon,2.3
2026-09-20,Masterpred,sparrow,1.8
2026-09-20,Masterpred,valkyrie,1.0
2026-09-20,Masterpred,conduit,1.7
2026-09-20,Masterpred,fuse,2.0
2026-09-20,Masterpred,caustic,0.7
2026-09-20,Masterpred,wraith,2.0
2026-09-20,Masterpred,crypto,0.7
2026-09-20,Masterpred,catalyst,0.7
2026-09-20,Masterpred,mirage,0.6
2026-09-20,Masterpred,bloodhound,0.4
2026-09-20,Masterpred,lifeline,0.6
2026-09-20,Masterpred,newcastle,0.3
2026-09-20,Masterpred,wattson,0.8
2026-09-20,Masterpred,rampart,0.2
2026-09-20,Masterpred,ash,0.7
2026-09-20,Masterpred,ballistic,0.1
2026-09-21,Masterpred,axle,23.0
2026-09-21,Masterpred,loba,18.6
2026-09-21,Masterpred,pathfinder,13.3
2026-09-21,Masterpred,seer,4.8
2026-09-21,Masterpred,revenant,3.7
2026-09-21,Masterpred,octane,3.4
2026-09-21,Masterpred,alter,3.8
2026-09-21,Masterpred,mad-maggie,4.8
2026-09-21,Masterpred,gibraltar,1.5
2026-09-21,Masterpred,bangalore,3.4
2026-09-21,Masterpred,vantage,4.1
2026-09-21,Masterpred,horizon,2.2
2026-09-21,Masterpred,sparrow,1.5
2026-09-21,Masterpred,valkyrie,1.1
2026-09-21,Masterpred,conduit,1.8
2026-09-21,Masterpred,fuse,1.6
2026-09-21,Masterpred,caustic,0.6
2026-09-21,Masterpred,wraith,2.1
2026-09-21,Masterpred,crypto,0.7
2026-09-21,Masterpred,catalyst,0.9
2026-09-21,Masterpred,mirage,0.6
2026-09-21,Masterpred,bloodhound,0.3
2026-09-21,Masterpred,lifeline,0.5
2026-09-21,Masterpred,newcastle,0.3
2026-09-21,Masterpred,wattson,0.8
2026-09-21,Masterpred,rampart,0.2
2026-09-21,Masterpred,ash,0.7
2026-09-21,Masterpred,ballistic,0.1
2026-09-22,Masterpred,axle,24.0
2026-09-22,Masterpred,loba,19.7
2026-09-22,Masterpred,pathfinder,13.4
2026-09-22,Masterpred,seer,4.7
2026-09-22,Masterpred,revenant,4.2
2026-09-22,Masterpred,octane,3.4
2026-09-22,Masterpred,alter,3.3
2026-09-22,Masterpred,mad-maggie,4.5
2026-09-22,Masterpred,gibraltar,1.2
2026-09-22,Masterpred,bangalore,2.7
2026-09-22,Masterpred,vantage,4.6
2026-09-22,Masterpred,horizon,2.1
2026-09-22,Masterpred,sparrow,1.3
2026-09-22,Masterpred,valkyrie,0.8
2026-09-22,Masterpred,conduit,2.1
2026-09-22,Masterpred,fuse,1.1
2026-09-22,Masterpred,caustic,0.5
2026-09-22,Masterpred,wraith,2.0
2026-09-22,Masterpred,crypto,0.6
2026-09-22,Masterpred,catalyst,1.0
2026-09-22,Masterpred,mirage,0.5
2026-09-22,Masterpred,bloodhound,0.2
2026-09-22,Masterpred,lifeline,0.3
2026-09-22,Masterpred,newcastle,0.2
2026-09-22,Masterpred,wattson,0.6
2026-09-22,Masterpred,rampart,0.2
2026-09-22,Masterpred,ash,0.6
2026-09-22,Masterpred,ballistic,0.1
2026-09-23,Masterpred,axle,24.8
2026-09-23,Masterpred,loba,19.5
2026-09-23,Masterpred,pathfinder,13.6
2026-09-23,Masterpred,seer,3.9
2026-09-23,Masterpred,revenant,3.8
2026-09-23,Masterpred,octane,3.5
2026-09-23,Masterpred,alter,3.4
2026-09-23,Masterpred,mad-maggie,4.5
2026-09-23,Masterpred,gibraltar,1.4
2026-09-23,Masterpred,bangalore,2.8
2026-09-23,Masterpred,vantage,4.7
2026-09-23,Masterpred,horizon,1.9
2026-09-23,Masterpred,sparrow,1.5
2026-09-23,Masterpred,valkyrie,0.7
2026-09-23,Masterpred,conduit,1.9
2026-09-23,Masterpred,fuse,0.9
2026-09-23,Masterpred,caustic,0.4
2026-09-23,Masterpred,wraith,2.0
2026-09-23,Masterpred,crypto,0.8
2026-09-23,Masterpred,catalyst,1.1
2026-09-23,Masterpred,mirage,0.5
2026-09-23,Masterpred,bloodhound,0.2
2026-09-23,Masterpred,lifeline,0.3
2026-09-23,Masterpred,newcastle,0.2
2026-09-23,Masterpred,wattson,0.6
2026-09-23,Masterpred,rampart,0.2
2026-09-23,Masterpred,ash,0.6
2026-09-23,Masterpred,ballistic,0.1
2026-09-24,Masterpred,axle,24.4
2026-09-24,Masterpred,loba,19.1
2026-09-24,Masterpred,pathfinder,13.7
2026-09-24,Masterpred,seer,4.3
2026-09-24,Masterpred,revenant,3.9
2026-09-24,Masterpred,octane,3.5
2026-09-24,Masterpred,alter,3.1
2026-09-24,Masterpred,mad-maggie,5.3
2026-09-24,Masterpred,gibraltar,1.3
2026-09-24,Masterpred,bangalore,2.9
2026-09-24,Masterpred,vantage,4.4
2026-09-24,Masterpred,horizon,2.2
2026-09-24,Masterpred,sparrow,1.4
2026-09-24,Masterpred,valkyrie,0.9
2026-09-24,Masterpred,conduit,1.8
2026-09-24,Masterpred,fuse,0.8
2026-09-24,Masterpred,caustic,0.4
2026-09-24,Masterpred,wraith,2.0
2026-09-24,Masterpred,crypto,0.7
2026-09-24,Masterpred,catalyst,1.1
2026-09-24,Masterpred,mirage,0.5
2026-09-24,Masterpred,bloodhound,0.3
2026-09-24,Masterpred,lifeline,0.3
2026-09-24,Masterpred,newcastle,0.2
2026-09-24,Masterpred,wattson,0.6
2026-09-24,Masterpred,rampart,0.2
2026-09-24,Masterpred,ash,0.7
2026-09-24,Masterpred,ballistic,0.2
2026-09-25,Masterpred,axle,24.5
2026-09-25,Masterpred,loba,19.5
2026-09-25,Masterpred,pathfinder,13.5
2026-09-25,Masterpred,seer,4.3
2026-09-25,Masterpred,revenant,4.1
2026-09-25,Masterpred,octane,3.8
2026-09-25,Masterpred,alter,3.2
2026-09-25,Masterpred,mad-maggie,4.5
2026-09-25,Masterpred,gibraltar,1.3
2026-09-25,Masterpred,bangalore,3.0
2026-09-25,Masterpred,vantage,4.6
2026-09-25,Masterpred,horizon,2.1
2026-09-25,Masterpred,sparrow,1.2
2026-09-25,Masterpred,valkyrie,0.7
2026-09-25,Masterpred,conduit,1.6
2026-09-25,Masterpred,fuse,0.9
2026-09-25,Masterpred,caustic,0.4
2026-09-25,Masterpred,wraith,2.1
2026-09-25,Masterpred,crypto,0.6
2026-09-25,Masterpred,catalyst,1.1
2026-09-25,Masterpred,mirage,0.5
2026-09-25,Masterpred,bloodhound,0.3
2026-09-25,Masterpred,lifeline,0.5
2026-09-25,Masterpred,newcastle,0.2
2026-09-25,Masterpred,wattson,0.6
2026-09-25,Masterpred,rampart,0.2
2026-09-25,Masterpred,ash,0.6
2026-09-25,Masterpred,ballistic,0.2
2026-08-31,PredMeta,axle,pick
2026-08-31,PredMeta,loba,win
2026-08-31,PredMeta,pathfinder,games
2026-08-31,PredMeta,seer,seededFrom
2026-09-05,PredMeta,axle,pick
2026-09-05,PredMeta,loba,win
2026-09-05,PredMeta,pathfinder,games
2026-09-06,PredMeta,axle,pick
2026-09-06,PredMeta,loba,win
2026-09-06,PredMeta,pathfinder,games
2026-09-07,PredMeta,axle,pick
2026-09-07,PredMeta,loba,win
2026-09-07,PredMeta,pathfinder,games
2026-09-08,PredMeta,axle,pick
2026-09-08,PredMeta,loba,win
2026-09-08,PredMeta,pathfinder,games
2026-09-09,PredMeta,axle,pick
2026-09-09,PredMeta,loba,win
2026-09-09,PredMeta,pathfinder,games
2026-09-10,PredMeta,axle,pick
2026-09-10,PredMeta,loba,win
2026-09-10,PredMeta,pathfinder,games
2026-09-11,PredMeta,axle,pick
2026-09-11,PredMeta,loba,win
2026-09-11,PredMeta,pathfinder,games
2026-09-12,PredMeta,axle,pick
2026-09-12,PredMeta,loba,win
2026-09-12,PredMeta,pathfinder,games
2026-09-13,PredMeta,axle,pick
2026-09-13,PredMeta,loba,win
2026-09-13,PredMeta,pathfinder,games
2026-09-14,PredMeta,axle,pick
2026-09-14,PredMeta,loba,win
2026-09-14,PredMeta,pathfinder,games
2026-09-19,PredMeta,axle,pick
2026-09-19,PredMeta,loba,win
2026-09-19,PredMeta,pathfinder,games
2026-09-20,PredMeta,axle,pick
2026-09-20,PredMeta,loba,win
2026-09-20,PredMeta,pathfinder,games
2026-09-21,PredMeta,axle,pick
2026-09-21,PredMeta,loba,win
2026-09-21,PredMeta,pathfinder,games
2026-09-22,PredMeta,axle,pick
2026-09-22,PredMeta,loba,win
2026-09-22,PredMeta,pathfinder,games
2026-09-23,PredMeta,axle,pick
2026-09-23,PredMeta,loba,win
2026-09-23,PredMeta,pathfinder,games
2026-09-24,PredMeta,axle,pick
2026-09-24,PredMeta,loba,win
2026-09-24,PredMeta,pathfinder,games
2026-09-25,PredMeta,axle,pick
2026-09-25,PredMeta,loba,win
2026-09-25,PredMeta,pathfinder,games
